Rank,Games_Career,Games_Team,Date,Team,Home/Away,Opp,Result,Games_Started,MP,FG,FGA,FG%,3P,3PA,3P%,2P,2PA,2P%,eFG%,FT,FTA,FT%,ORB,DRB,TRB,AST,STL,BLK,TOV,PF,PTS,GmSc,+/-,Home/Away_num,Result_type,Score,Team_Score,Opponent_Score,Win_lose_num,Games_Started_num,Games_Started_str
1.0,1.0,1.0,2020-12-23,WAS,Away,PHI,"L, 107-113",*,28:06:00,2.0,2.0,1.0,2.0,2.0,1.0,0.0,0.0,,1.5,1.0,2.0,0.5,0.0,4.0,4.0,1.0,1.0,0.0,1.0,3.0,7.0,6.7,14.0,0,L, 107-113,107,113,0,1,Yes
2.0,2.0,2.0,2020-12-26,WAS,Home,ORL,"L, 120-130",*,14:40,2.0,2.0,1.0,1.0,1.0,1.0,1.0,1.0,1.0,1.25,0.0,1.0,0.0,0.0,3.0,3.0,2.0,0.0,0.0,0.0,4.0,5.0,4.7,-7.0,1,L, 120-130,120,130,0,1,Yes
3.0,3.0,3.0,2020-12-27,WAS,Home,ORL,"L, 113-120",*,36:11:00,4.0,11.0,0.364,1.0,5.0,0.2,3.0,6.0,0.5,0.409,0.0,0.0,,2.0,7.0,9.0,3.0,2.0,0.0,1.0,1.0,9.0,9.1,13.0,1,L, 113-120,113,120,0,1,Yes
4.0,4.0,4.0,2020-12-29,WAS,Home,CHI,"L, 107-115",*,26:19:00,3.0,6.0,0.5,3.0,5.0,0.6,0.0,1.0,0.0,0.75,0.0,0.0,,0.0,4.0,4.0,4.0,2.0,1.0,1.0,5.0,9.0,9.7,-5.0,1,L, 107-115,107,115,0,1,Yes
5.0,5.0,5.0,2020-12-31,WAS,Home,CHI,"L, 130-133",*,24:32:00,2.0,5.0,0.4,0.0,3.0,0.0,2.0,2.0,1.0,0.4,2.0,2.0,1.0,1.0,3.0,4.0,3.0,0.0,0.0,0.0,1.0,6.0,6.6,5.0,1,L, 130-133,130,133,0,1,Yes
6.0,6.0,6.0,2021-01-01,WAS,Away,MIN,"W, 130-109",*,27:14:00,4.0,7.0,0.571,3.0,5.0,0.6,1.0,2.0,0.5,0.786,0.0,0.0,,0.0,7.0,7.0,3.0,3.0,0.0,1.0,3.0,11.0,12.7,32.0,0,W, 130-109,130,109,1,1,Yes
7.0,7.0,7.0,2021-01-03,WAS,Away,BRK,"W, 123-122",*,16:23,1.0,4.0,0.25,1.0,2.0,0.5,0.0,2.0,0.0,0.375,0.0,0.0,,0.0,1.0,1.0,1.0,1.0,1.0,1.0,2.0,3.0,1.5,-9.0,0,W, 123-122,123,122,1,1,Yes
8.0,8.0,8.0,2021-01-06,WAS,Away,PHI,"L, 136-141",*,15:31,0.0,1.0,0.0,0.0,1.0,0.0,0.0,0.0,,0.0,1.0,2.0,0.5,0.0,0.0,0.0,0.0,0.0,1.0,0.0,3.0,1.0,-0.6,-9.0,0,L, 136-141,136,141,0,1,Yes
9.0,9.0,9.0,2021-01-08,WAS,Away,BOS,"L, 107-116",*,14:25,0.0,3.0,0.0,0.0,2.0,0.0,0.0,1.0,0.0,0.0,0.0,0.0,,0.0,2.0,2.0,1.0,0.0,0.0,0.0,2.0,0.0,-1.6,-21.0,0,L, 107-116,107,116,0,1,Yes
10.0,10.0,10.0,2021-01-09,WAS,Home,MIA,"L, 124-128",*,31:38:00,7.0,15.0,0.467,5.0,9.0,0.556,2.0,6.0,0.333,0.633,1.0,1.0,1.0,0.0,5.0,5.0,5.0,2.0,0.0,0.0,2.0,20.0,18.5,-4.0,1,L, 124-128,124,128,0,1,Yes
11.0,11.0,11.0,2021-01-11,WAS,Home,PHO,"W, 128-107",*,19:48,3.0,6.0,0.5,0.0,0.0,,3.0,6.0,0.5,0.5,0.0,0.0,,1.0,4.0,5.0,1.0,0.0,0.0,2.0,3.0,6.0,2.4,3.0,1,W, 128-107,128,107,1,1,Yes
11.0,,12.0,2021-01-24,WAS,Away,SAS,"L, 101-121",Inactive,,,,,,,,,,,,,,,,,,,,,,,,,,0,L, 101-121,101,121,0,0,No
11.0,,13.0,2021-01-26,WAS,Away,HOU,"L, 88-107",Inactive,,,,,,,,,,,,,,,,,,,,,,,,,,0,L, 88-107,88,107,0,0,No
11.0,,14.0,2021-01-27,WAS,Away,NOP,"L, 106-124",Inactive,,,,,,,,,,,,,,,,,,,,,,,,,,0,L, 106-124,106,124,0,0,No
11.0,,15.0,2021-01-29,WAS,Home,ATL,"L, 100-116",Inactive,,,,,,,,,,,,,,,,,,,,,,,,,,1,L, 100-116,100,116,0,0,No
12.0,12.0,16.0,2021-01-31,WAS,Home,BRK,"W, 149-146",*,15:41,1.0,4.0,0.25,0.0,2.0,0.0,1.0,2.0,0.5,0.25,0.0,0.0,,1.0,1.0,2.0,0.0,0.0,0.0,0.0,2.0,2.0,-0.2,-9.0,1,W, 149-146,149,146,1,1,Yes
13.0,13.0,17.0,2021-02-02,WAS,Home,POR,"L, 121-132",*,23:04,5.0,6.0,0.833,2.0,3.0,0.667,3.0,3.0,1.0,1.0,1.0,1.0,1.0,3.0,4.0,7.0,3.0,0.0,0.0,0.0,3.0,13.0,15.0,4.0,1,L, 121-132,121,132,0,1,Yes
14.0,14.0,18.0,2021-02-03,WAS,Away,MIA,"W, 103-100",*,32:55:00,5.0,9.0,0.556,3.0,5.0,0.6,2.0,4.0,0.5,0.722,0.0,0.0,,0.0,4.0,4.0,0.0,1.0,0.0,2.0,2.0,13.0,8.1,-9.0,0,W, 103-100,103,100,1,1,Yes
15.0,15.0,19.0,2021-02-05,WAS,Away,MIA,"L, 95-122",*,16:06,2.0,5.0,0.4,0.0,2.0,0.0,2.0,3.0,0.667,0.4,0.0,0.0,,0.0,6.0,6.0,0.0,1.0,1.0,0.0,3.0,4.0,3.6,-11.0,0,L, 95-122,95,122,0,1,Yes
16.0,16.0,20.0,2021-02-07,WAS,Away,CHO,"L, 97-119",*,15:25,2.0,5.0,0.4,0.0,2.0,0.0,2.0,3.0,0.667,0.4,0.0,0.0,,0.0,2.0,2.0,2.0,0.0,0.0,1.0,1.0,4.0,1.9,-22.0,0,L, 97-119,97,119,0,1,Yes
17.0,17.0,21.0,2021-02-08,WAS,Away,CHI,"W, 105-101",,28:27:00,2.0,9.0,0.222,0.0,5.0,0.0,2.0,4.0,0.5,0.222,0.0,2.0,0.0,0.0,10.0,10.0,1.0,3.0,0.0,1.0,4.0,4.0,1.8,15.0,0,W, 105-101,105,101,1,0,No
18.0,18.0,22.0,2021-02-10,WAS,Home,TOR,"L, 115-137",,26:40:00,3.0,7.0,0.429,2.0,6.0,0.333,1.0,1.0,1.0,0.571,1.0,2.0,0.5,1.0,6.0,7.0,3.0,0.0,0.0,2.0,3.0,9.0,6.3,-11.0,1,L, 115-137,115,137,0,0,No
19.0,19.0,23.0,2021-02-12,WAS,Home,NYK,"L, 91-109",,21:30,3.0,9.0,0.333,1.0,5.0,0.2,2.0,4.0,0.5,0.389,1.0,2.0,0.5,2.0,4.0,6.0,0.0,0.0,0.0,2.0,3.0,8.0,1.9,-3.0,1,L, 91-109,91,109,0,0,No
20.0,20.0,24.0,2021-02-14,WAS,Home,BOS,"W, 104-91",,27:59:00,2.0,9.0,0.222,1.0,5.0,0.2,1.0,4.0,0.25,0.278,3.0,4.0,0.75,1.0,9.0,10.0,0.0,0.0,0.0,2.0,4.0,8.0,1.9,-2.0,1,W, 104-91,104,91,1,0,No
21.0,21.0,25.0,2021-02-15,WAS,Home,HOU,"W, 131-119",,19:39,2.0,4.0,0.5,1.0,3.0,0.333,1.0,1.0,1.0,0.625,0.0,0.0,,0.0,3.0,3.0,0.0,0.0,0.0,0.0,5.0,5.0,1.9,6.0,1,W, 131-119,131,119,1,0,No
22.0,22.0,26.0,2021-02-17,WAS,Home,DEN,"W, 130-128",,20:40,1.0,3.0,0.333,1.0,3.0,0.333,0.0,0.0,,0.5,0.0,0.0,,0.0,7.0,7.0,2.0,1.0,0.0,1.0,2.0,3.0,4.0,14.0,1,W, 130-128,130,128,1,0,No
23.0,23.0,27.0,2021-02-20,WAS,Away,POR,"W, 118-111",,11:05,1.0,1.0,1.0,0.0,0.0,,1.0,1.0,1.0,1.0,0.0,0.0,,0.0,3.0,3.0,0.0,0.0,0.0,0.0,2.0,2.0,1.8,-4.0,0,W, 118-111,118,111,1,0,No
24.0,24.0,28.0,2021-02-22,WAS,Away,LAL,"W, 127-124 (OT)",,22:32,3.0,5.0,0.6,2.0,3.0,0.667,1.0,2.0,0.5,0.8,0.0,0.0,,0.0,9.0,9.0,2.0,1.0,0.0,1.0,1.0,8.0,9.4,-4.0,0,W, 127-124 (OT),127,124 (OT),1,0,No
25.0,25.0,29.0,2021-02-23,WAS,Away,LAC,"L, 116-135",,11:31,0.0,2.0,0.0,0.0,1.0,0.0,0.0,1.0,0.0,0.0,0.0,0.0,,0.0,1.0,1.0,0.0,0.0,0.0,2.0,3.0,0.0,-4.3,-13.0,0,L, 116-135,116,135,0,0,No
26.0,26.0,30.0,2021-02-25,WAS,Away,DEN,"W, 112-110",,19:31,1.0,1.0,1.0,0.0,0.0,,1.0,1.0,1.0,1.0,0.0,0.0,,0.0,2.0,2.0,1.0,0.0,0.0,0.0,0.0,2.0,3.0,-2.0,0,W, 112-110,112,110,1,0,No
27.0,27.0,31.0,2021-02-27,WAS,Home,MIN,"W, 128-112",,20:49,1.0,6.0,0.167,0.0,2.0,0.0,1.0,4.0,0.25,0.167,0.0,0.0,,0.0,2.0,2.0,0.0,0.0,1.0,1.0,4.0,2.0,-3.1,17.0,1,W, 128-112,128,112,1,0,No
28.0,28.0,32.0,2021-02-28,WAS,Away,BOS,"L, 110-111",,6:46,0.0,1.0,0.0,0.0,1.0,0.0,0.0,0.0,,0.0,0.0,0.0,,0.0,1.0,1.0,0.0,1.0,0.0,0.0,3.0,0.0,-0.6,-1.0,0,L, 110-111,110,111,0,0,No
29.0,29.0,33.0,2021-03-02,WAS,Home,MEM,"L, 111-125",,25:41:00,4.0,7.0,0.571,2.0,4.0,0.5,2.0,3.0,0.667,0.714,0.0,0.0,,0.0,7.0,7.0,1.0,0.0,0.0,2.0,0.0,10.0,7.5,6.0,1,L, 111-125,111,125,0,0,No
30.0,30.0,34.0,2021-03-04,WAS,Home,LAC,"W, 119-117",,24:53:00,2.0,2.0,1.0,0.0,0.0,,2.0,2.0,1.0,1.0,0.0,0.0,,1.0,6.0,7.0,0.0,1.0,1.0,0.0,1.0,4.0,7.2,-13.0,1,W, 119-117,119,117,1,0,No
31.0,31.0,35.0,2021-03-10,WAS,Away,MEM,"L, 112-127",,24:13:00,5.0,8.0,0.625,3.0,5.0,0.6,2.0,3.0,0.667,0.813,0.0,0.0,,0.0,6.0,6.0,1.0,1.0,0.0,0.0,2.0,13.0,12.1,2.0,0,L, 112-127,112,127,0,0,No
32.0,32.0,36.0,2021-03-12,WAS,Home,PHI,"L, 101-127",,28:16:00,2.0,6.0,0.333,0.0,3.0,0.0,2.0,3.0,0.667,0.333,0.0,0.0,,0.0,5.0,5.0,1.0,0.0,0.0,1.0,5.0,4.0,-0.2,-6.0,1,L, 101-127,101,127,0,0,No
33.0,33.0,37.0,2021-03-13,WAS,Home,MIL,"L, 119-125",*,35:00:00,4.0,10.0,0.4,1.0,6.0,0.167,3.0,4.0,0.75,0.45,0.0,0.0,,1.0,3.0,4.0,1.0,1.0,1.0,1.0,5.0,9.0,4.6,-11.0,1,L, 119-125,119,125,0,1,Yes
34.0,34.0,38.0,2021-03-15,WAS,Home,MIL,"L, 122-133",,31:19:00,5.0,9.0,0.556,1.0,4.0,0.25,4.0,5.0,0.8,0.611,0.0,0.0,,0.0,6.0,6.0,2.0,0.0,0.0,1.0,3.0,11.0,7.7,8.0,1,L, 122-133,122,133,0,0,No
35.0,35.0,39.0,2021-03-17,WAS,Home,SAC,"L, 119-121",,17:44,3.0,5.0,0.6,0.0,2.0,0.0,3.0,3.0,1.0,0.6,0.0,0.0,,0.0,2.0,2.0,1.0,0.0,1.0,1.0,2.0,6.0,3.9,-2.0,1,L, 119-121,119,121,0,0,No
36.0,36.0,40.0,2021-03-18,WAS,Home,UTA,"W, 131-122",,20:23,0.0,3.0,0.0,0.0,3.0,0.0,0.0,0.0,,0.0,2.0,2.0,1.0,0.0,4.0,4.0,1.0,0.0,0.0,0.0,3.0,2.0,0.6,2.0,1,W, 131-122,131,122,1,0,No
37.0,37.0,41.0,2021-03-21,WAS,Away,BRK,"L, 106-113",,11:07,0.0,2.0,0.0,0.0,1.0,0.0,0.0,1.0,0.0,0.0,0.0,0.0,,0.0,1.0,1.0,0.0,0.0,0.0,0.0,1.0,0.0,-1.5,-18.0,0,L, 106-113,106,113,0,0,No
38.0,38.0,42.0,2021-03-23,WAS,Away,NYK,"L, 113-131",,21:47,5.0,7.0,0.714,2.0,4.0,0.5,3.0,3.0,1.0,0.857,2.0,3.0,0.667,1.0,3.0,4.0,0.0,0.0,0.0,0.0,6.0,14.0,9.9,-5.0,0,L, 113-131,113,131,0,0,No
39.0,39.0,43.0,2021-03-25,WAS,Away,NYK,"L, 102-106",,10:55,0.0,4.0,0.0,0.0,1.0,0.0,0.0,3.0,0.0,0.0,0.0,0.0,,0.0,2.0,2.0,0.0,0.0,1.0,0.0,4.0,0.0,-3.1,-1.0,0,L, 102-106,102,106,0,0,No
40.0,40.0,44.0,2021-03-27,WAS,Home,DET,"W, 106-92",*,26:51:00,2.0,6.0,0.333,1.0,3.0,0.333,1.0,3.0,0.333,0.417,0.0,0.0,,1.0,4.0,5.0,2.0,2.0,0.0,0.0,0.0,5.0,6.9,2.0,1,W, 106-92,106,92,1,1,Yes
41.0,41.0,45.0,2021-03-29,WAS,Home,IND,"W, 132-124",*,31:31:00,4.0,6.0,0.667,2.0,3.0,0.667,2.0,3.0,0.667,0.833,2.0,2.0,1.0,0.0,8.0,8.0,1.0,0.0,0.0,0.0,2.0,12.0,11.7,11.0,1,W, 132-124,132,124,1,1,Yes
42.0,42.0,46.0,2021-03-30,WAS,Home,CHO,"L, 104-114",*,32:10:00,1.0,10.0,0.1,1.0,7.0,0.143,0.0,3.0,0.0,0.15,0.0,0.0,,0.0,8.0,8.0,0.0,0.0,1.0,1.0,6.0,3.0,-3.9,-3.0,1,L, 104-114,104,114,0,1,Yes
43.0,43.0,47.0,2021-04-01,WAS,Away,DET,"L, 91-120",*,33:58:00,4.0,10.0,0.4,1.0,4.0,0.25,3.0,6.0,0.5,0.45,2.0,5.0,0.4,0.0,10.0,10.0,1.0,1.0,0.0,1.0,3.0,11.0,6.9,-31.0,0,L, 91-120,91,120,0,1,Yes
44.0,44.0,48.0,2021-04-03,WAS,Home,DAL,"L, 87-109",*,39:21:00,4.0,11.0,0.364,0.0,4.0,0.0,4.0,7.0,0.571,0.364,1.0,1.0,1.0,1.0,7.0,8.0,1.0,0.0,0.0,0.0,3.0,9.0,5.2,-19.0,1,L, 87-109,87,109,0,1,Yes
45.0,45.0,49.0,2021-04-05,WAS,Away,TOR,"L, 101-103",*,39:39:00,4.0,10.0,0.4,2.0,6.0,0.333,2.0,4.0,0.5,0.5,2.0,2.0,1.0,2.0,8.0,10.0,1.0,0.0,1.0,0.0,1.0,12.0,11.4,8.0,0,L, 101-103,101,103,0,1,Yes
46.0,46.0,50.0,2021-04-07,WAS,Away,ORL,"W, 131-116",*,29:31:00,6.0,10.0,0.6,4.0,7.0,0.571,2.0,3.0,0.667,0.8,0.0,0.0,,0.0,5.0,5.0,2.0,0.0,0.0,0.0,2.0,16.0,13.5,19.0,0,W, 131-116,131,116,1,1,Yes
47.0,47.0,51.0,2021-04-09,WAS,Away,GSW,"W, 110-107",*,21:24,0.0,6.0,0.0,0.0,3.0,0.0,0.0,3.0,0.0,0.0,2.0,4.0,0.5,1.0,3.0,4.0,3.0,2.0,0.0,0.0,1.0,2.0,2.3,-13.0,0,W, 110-107,110,107,1,1,Yes
48.0,48.0,52.0,2021-04-10,WAS,Away,PHO,"L, 106-134",*,31:17:00,2.0,6.0,0.333,2.0,4.0,0.5,0.0,2.0,0.0,0.5,3.0,4.0,0.75,0.0,6.0,6.0,2.0,0.0,0.0,1.0,4.0,9.0,5.8,-19.0,0,L, 106-134,106,134,0,1,Yes
49.0,49.0,53.0,2021-04-12,WAS,Away,UTA,"W, 125-121",*,9:51,0.0,0.0,,0.0,0.0,,0.0,0.0,,,0.0,0.0,,0.0,2.0,2.0,0.0,0.0,1.0,0.0,4.0,0.0,-0.3,-5.0,0,W, 125-121,125,121,1,1,Yes
50.0,50.0,54.0,2021-04-14,WAS,Away,SAC,"W, 123-111",*,31:07:00,5.0,7.0,0.714,1.0,2.0,0.5,4.0,5.0,0.8,0.786,0.0,0.0,,0.0,4.0,4.0,0.0,1.0,1.0,0.0,2.0,11.0,10.2,-6.0,0,W, 123-111,123,111,1,1,Yes
51.0,51.0,55.0,2021-04-16,WAS,Home,NOP,"W, 117-115 (OT)",*,20:10,0.0,2.0,0.0,0.0,2.0,0.0,0.0,0.0,,0.0,0.0,0.0,,0.0,4.0,4.0,2.0,1.0,1.0,0.0,3.0,0.0,1.7,2.0,1,W, 117-115 (OT),117,115 (OT),1,1,Yes
52.0,52.0,56.0,2021-04-17,WAS,Home,DET,"W, 121-100",*,23:34,1.0,1.0,1.0,1.0,1.0,1.0,0.0,0.0,,1.5,0.0,0.0,,0.0,5.0,5.0,2.0,2.0,1.0,1.0,1.0,3.0,6.9,20.0,1,W, 121-100,121,100,1,1,Yes
53.0,53.0,57.0,2021-04-19,WAS,Home,OKC,"W, 119-107",*,26:12:00,3.0,11.0,0.273,0.0,6.0,0.0,3.0,5.0,0.6,0.273,0.0,1.0,0.0,1.0,5.0,6.0,0.0,0.0,0.0,0.0,2.0,6.0,0.5,5.0,1,W, 119-107,119,107,1,1,Yes
54.0,54.0,58.0,2021-04-21,WAS,Home,GSW,"W, 118-114",*,13:51,2.0,5.0,0.4,0.0,0.0,,2.0,5.0,0.4,0.4,2.0,2.0,1.0,1.0,2.0,3.0,0.0,1.0,0.0,1.0,0.0,6.0,4.6,9.0,1,W, 118-114,118,114,1,1,Yes
54.0,,59.0,2021-04-23,WAS,Away,OKC,"W, 129-109",Inactive,,,,,,,,,,,,,,,,,,,,,,,,,,0,W, 129-109,129,109,1,0,No
54.0,,60.0,2021-04-25,WAS,Home,CLE,"W, 119-110",Inactive,,,,,,,,,,,,,,,,,,,,,,,,,,1,W, 119-110,119,110,1,0,No
54.0,,61.0,2021-04-26,WAS,Home,SAS,"L, 143-146 (OT)",Inactive,,,,,,,,,,,,,,,,,,,,,,,,,,1,L, 143-146 (OT),143,146 (OT),0,0,No
54.0,,62.0,2021-04-28,WAS,Home,LAL,"W, 116-107",Inactive,,,,,,,,,,,,,,,,,,,,,,,,,,1,W, 116-107,116,107,1,0,No
54.0,,63.0,2021-04-30,WAS,Away,CLE,"W, 122-93",Inactive,,,,,,,,,,,,,,,,,,,,,,,,,,0,W, 122-93,122,93,1,0,No
54.0,,64.0,2021-05-01,WAS,Away,DAL,"L, 124-125",Inactive,,,,,,,,,,,,,,,,,,,,,,,,,,0,L, 124-125,124,125,0,0,No
54.0,,65.0,2021-05-03,WAS,Home,IND,"W, 154-141",Inactive,,,,,,,,,,,,,,,,,,,,,,,,,,1,W, 154-141,154,141,1,0,No
54.0,,66.0,2021-05-05,WAS,Away,MIL,"L, 134-135",Inactive,,,,,,,,,,,,,,,,,,,,,,,,,,0,L, 134-135,134,135,0,0,No
54.0,,67.0,2021-05-06,WAS,Away,TOR,"W, 131-129 (OT)",Inactive,,,,,,,,,,,,,,,,,,,,,,,,,,0,W, 131-129 (OT),131,129 (OT),1,0,No
54.0,,68.0,2021-05-08,WAS,Away,IND,"W, 133-132 (OT)",Inactive,,,,,,,,,,,,,,,,,,,,,,,,,,0,W, 133-132 (OT),133,132 (OT),1,0,No
54.0,,69.0,2021-05-10,WAS,Away,ATL,"L, 124-125",Inactive,,,,,,,,,,,,,,,,,,,,,,,,,,0,L, 124-125,124,125,0,0,No
54.0,,70.0,2021-05-12,WAS,Away,ATL,"L, 116-120",Inactive,,,,,,,,,,,,,,,,,,,,,,,,,,0,L, 116-120,116,120,0,0,No
54.0,,71.0,2021-05-14,WAS,Home,CLE,"W, 120-105",Inactive,,,,,,,,,,,,,,,,,,,,,,,,,,1,W, 120-105,120,105,1,0,No
54.0,,72.0,2021-05-16,WAS,Home,CHO,"W, 115-110",Inactive,,,,,,,,,,,,,,,,,,,,,,,,,,1,W, 115-110,115,110,1,0,No
1.0,55.0,1.0,2021-10-20,WAS,Away,TOR,"W, 98-83",,20:52,3.0,3.0,1.0,1.0,1.0,1.0,2.0,2.0,1.0,1.167,1.0,2.0,0.5,2.0,5.0,7.0,1.0,2.0,2.0,1.0,1.0,8.0,12.3,13.0,0,W, 98-83,98,83,1,0,No
2.0,56.0,2.0,2021-10-22,WAS,Home,IND,"W, 135-134 (OT)",,16:43,1.0,3.0,0.333,0.0,1.0,0.0,1.0,2.0,0.5,0.333,0.0,0.0,,0.0,2.0,2.0,1.0,0.0,0.0,1.0,2.0,2.0,-0.2,1.0,1,W, 135-134 (OT),135,134 (OT),1,0,No
3.0,57.0,3.0,2021-10-25,WAS,Away,BRK,"L, 90-104",,19:10,0.0,6.0,0.0,0.0,4.0,0.0,0.0,2.0,0.0,0.0,2.0,2.0,1.0,1.0,7.0,8.0,2.0,0.0,1.0,0.0,2.0,2.0,1.9,-6.0,0,L, 90-104,90,104,0,0,No
4.0,58.0,4.0,2021-10-27,WAS,Away,BOS,"W, 116-107",,16:54,2.0,2.0,1.0,1.0,1.0,1.0,1.0,1.0,1.0,1.25,3.0,4.0,0.75,0.0,2.0,2.0,2.0,0.0,1.0,0.0,2.0,8.0,8.9,7.0,0,W, 116-107,116,107,1,0,No
5.0,59.0,5.0,2021-10-28,WAS,Home,ATL,"W, 122-111",,22:28,1.0,8.0,0.125,1.0,4.0,0.25,0.0,4.0,0.0,0.188,2.0,2.0,1.0,2.0,3.0,5.0,1.0,0.0,0.0,2.0,2.0,5.0,0.0,2.0,1,W, 122-111,122,111,1,0,No
6.0,60.0,6.0,2021-10-30,WAS,Home,BOS,"W, 115-112 (2OT)",,24:08:00,1.0,4.0,0.25,0.0,1.0,0.0,1.0,3.0,0.333,0.25,1.0,2.0,0.5,2.0,5.0,7.0,0.0,0.0,2.0,0.0,2.0,3.0,3.7,-5.0,1,W, 115-112 (2OT),115,112 (2OT),1,0,No
7.0,61.0,7.0,2021-11-01,WAS,Away,ATL,"L, 111-118",,17:52,4.0,5.0,0.8,1.0,2.0,0.5,3.0,3.0,1.0,0.9,0.0,0.0,,0.0,2.0,2.0,0.0,1.0,1.0,0.0,2.0,9.0,8.6,8.0,0,L, 111-118,111,118,0,0,No
8.0,62.0,8.0,2021-11-03,WAS,Home,TOR,"L, 100-109",,25:34:00,4.0,7.0,0.571,1.0,3.0,0.333,3.0,4.0,0.75,0.643,2.0,6.0,0.333,3.0,3.0,6.0,1.0,1.0,0.0,2.0,3.0,11.0,7.6,5.0,1,L, 100-109,100,109,0,0,No
9.0,63.0,9.0,2021-11-05,WAS,Home,MEM,"W, 115-87",,28:20:00,2.0,6.0,0.333,0.0,2.0,0.0,2.0,4.0,0.5,0.333,1.0,4.0,0.25,1.0,6.0,7.0,3.0,0.0,1.0,2.0,2.0,5.0,2.9,10.0,1,W, 115-87,115,87,1,0,No
10.0,64.0,10.0,2021-11-07,WAS,Home,MIL,"W, 101-94",,27:23:00,1.0,3.0,0.333,1.0,2.0,0.5,0.0,1.0,0.0,0.5,0.0,0.0,,1.0,8.0,9.0,4.0,1.0,1.0,0.0,2.0,3.0,8.1,10.0,1,W, 101-94,101,94,1,0,No
11.0,65.0,11.0,2021-11-10,WAS,Away,CLE,"W, 97-94",,15:33,0.0,0.0,,0.0,0.0,,0.0,0.0,,,0.0,0.0,,0.0,2.0,2.0,0.0,1.0,0.0,0.0,1.0,0.0,1.2,-2.0,0,W, 97-94,97,94,1,0,No
12.0,66.0,12.0,2021-11-13,WAS,Away,ORL,"W, 104-92",,18:15,3.0,4.0,0.75,2.0,3.0,0.667,1.0,1.0,1.0,1.0,0.0,0.0,,1.0,5.0,6.0,1.0,1.0,1.0,1.0,0.0,8.0,10.0,22.0,0,W, 104-92,104,92,1,0,No
13.0,67.0,13.0,2021-11-15,WAS,Home,NOP,"W, 105-100",,27:35:00,5.0,6.0,0.833,0.0,1.0,0.0,5.0,5.0,1.0,0.833,1.0,1.0,1.0,0.0,10.0,10.0,1.0,2.0,1.0,0.0,5.0,11.0,13.2,18.0,1,W, 105-100,105,100,1,0,No
14.0,68.0,14.0,2021-11-17,WAS,Away,CHO,"L, 87-97",,24:59:00,2.0,9.0,0.222,1.0,7.0,0.143,1.0,2.0,0.5,0.278,4.0,4.0,1.0,2.0,9.0,11.0,0.0,0.0,1.0,0.0,1.0,9.0,7.9,-10.0,0,L, 87-97,87,97,0,0,No
15.0,69.0,15.0,2021-11-18,WAS,Away,MIA,"L, 97-112",,19:35,2.0,6.0,0.333,2.0,3.0,0.667,0.0,3.0,0.0,0.5,0.0,0.0,,0.0,1.0,1.0,1.0,0.0,1.0,1.0,0.0,6.0,3.3,-9.0,0,L, 97-112,97,112,0,0,No
16.0,70.0,16.0,2021-11-20,WAS,Home,MIA,"W, 103-100",,26:54:00,3.0,7.0,0.429,0.0,1.0,0.0,3.0,6.0,0.5,0.429,2.0,2.0,1.0,1.0,4.0,5.0,4.0,1.0,0.0,0.0,3.0,8.0,8.8,4.0,1,W, 103-100,103,100,1,0,No
17.0,71.0,17.0,2021-11-22,WAS,Home,CHO,"L, 103-109",,18:58,2.0,5.0,0.4,1.0,3.0,0.333,1.0,2.0,0.5,0.5,1.0,2.0,0.5,0.0,4.0,4.0,1.0,0.0,2.0,1.0,2.0,6.0,4.4,7.0,1,L, 103-109,103,109,0,0,No
18.0,72.0,18.0,2021-11-24,WAS,Away,NOP,"L, 102-127",,24:59:00,1.0,5.0,0.2,1.0,2.0,0.5,0.0,3.0,0.0,0.3,0.0,0.0,,0.0,3.0,3.0,2.0,2.0,0.0,0.0,3.0,3.0,3.0,-8.0,0,L, 102-127,102,127,0,0,No
19.0,73.0,19.0,2021-11-26,WAS,Away,OKC,"W, 101-99",,21:32,4.0,7.0,0.571,1.0,3.0,0.333,3.0,4.0,0.75,0.643,0.0,0.0,,0.0,4.0,4.0,0.0,0.0,1.0,1.0,2.0,9.0,5.8,-3.0,0,W, 101-99,101,99,1,0,No
20.0,74.0,20.0,2021-11-27,WAS,Away,DAL,"W, 120-114",,19:14,3.0,7.0,0.429,1.0,4.0,0.25,2.0,3.0,0.667,0.5,0.0,0.0,,0.0,1.0,1.0,1.0,0.0,0.0,1.0,3.0,7.0,2.1,-3.0,0,W, 120-114,120,114,1,0,No
21.0,75.0,21.0,2021-11-29,WAS,Away,SAS,"L, 99-116",,20:50,1.0,6.0,0.167,0.0,3.0,0.0,1.0,3.0,0.333,0.167,0.0,0.0,,2.0,2.0,4.0,0.0,0.0,0.0,0.0,3.0,2.0,-1.0,-9.0,0,L, 99-116,99,116,0,0,No
22.0,76.0,22.0,2021-12-01,WAS,Home,MIN,"W, 115-107",,19:51,4.0,8.0,0.5,1.0,4.0,0.25,3.0,4.0,0.75,0.563,0.0,0.0,,1.0,6.0,7.0,1.0,1.0,1.0,0.0,3.0,9.0,8.7,9.0,1,W, 115-107,115,107,1,0,No
23.0,77.0,23.0,2021-12-03,WAS,Home,CLE,"L, 101-116",,22:48,6.0,10.0,0.6,3.0,6.0,0.5,3.0,4.0,0.75,0.75,1.0,1.0,1.0,0.0,3.0,3.0,0.0,0.0,1.0,0.0,2.0,16.0,12.2,13.0,1,L, 101-116,101,116,0,0,No
24.0,78.0,24.0,2021-12-05,WAS,Away,TOR,"L, 90-102",,16:19,0.0,1.0,0.0,0.0,1.0,0.0,0.0,0.0,,0.0,0.0,0.0,,0.0,1.0,1.0,1.0,0.0,0.0,0.0,2.0,0.0,-0.5,-17.0,0,L, 90-102,90,102,0,0,No
25.0,79.0,25.0,2021-12-06,WAS,Away,IND,"L, 110-116",,16:18,1.0,4.0,0.25,0.0,0.0,,1.0,4.0,0.25,0.25,0.0,0.0,,2.0,1.0,3.0,3.0,1.0,0.0,0.0,3.0,2.0,3.2,1.0,0,L, 110-116,110,116,0,0,No
26.0,80.0,26.0,2021-12-08,WAS,Away,DET,"W, 119-116 (OT)",,20:42,4.0,9.0,0.444,2.0,4.0,0.5,2.0,5.0,0.4,0.556,0.0,0.0,,1.0,5.0,6.0,0.0,0.0,1.0,1.0,3.0,10.0,6.0,14.0,0,W, 119-116 (OT),119,116 (OT),1,0,No
27.0,81.0,27.0,2021-12-11,WAS,Home,UTA,"L, 98-123",*,22:45,2.0,6.0,0.333,0.0,2.0,0.0,2.0,4.0,0.5,0.333,0.0,0.0,,1.0,5.0,6.0,1.0,0.0,2.0,0.0,1.0,4.0,4.5,-11.0,1,L, 98-123,98,123,0,1,Yes
28.0,82.0,28.0,2021-12-13,WAS,Away,DEN,"L, 107-113",*,16:35,2.0,7.0,0.286,0.0,4.0,0.0,2.0,3.0,0.667,0.286,0.0,0.0,,0.0,3.0,3.0,1.0,3.0,1.0,2.0,2.0,4.0,2.4,-28.0,0,L, 107-113,107,113,0,1,Yes
29.0,83.0,29.0,2021-12-15,WAS,Away,SAC,"L, 105-119",,22:29,5.0,10.0,0.5,2.0,4.0,0.5,3.0,6.0,0.5,0.6,3.0,3.0,1.0,1.0,4.0,5.0,1.0,1.0,0.0,1.0,3.0,15.0,11.4,-9.0,0,L, 105-119,105,119,0,0,No
30.0,84.0,30.0,2021-12-16,WAS,Away,PHO,"L, 98-118",,26:20:00,5.0,6.0,0.833,1.0,2.0,0.5,4.0,4.0,1.0,0.917,3.0,3.0,1.0,0.0,4.0,4.0,4.0,2.0,0.0,3.0,0.0,14.0,14.8,7.0,0,L, 98-118,98,118,0,0,No
31.0,85.0,31.0,2021-12-18,WAS,Away,UTA,"W, 109-103",,30:22:00,4.0,5.0,0.8,2.0,2.0,1.0,2.0,3.0,0.667,1.0,1.0,2.0,0.5,0.0,7.0,7.0,2.0,2.0,1.0,2.0,4.0,11.0,11.3,23.0,0,W, 109-103,109,103,1,0,No
32.0,86.0,32.0,2021-12-23,WAS,Away,NYK,"W, 124-117",,28:47:00,5.0,8.0,0.625,1.0,4.0,0.25,4.0,4.0,1.0,0.688,3.0,4.0,0.75,0.0,5.0,5.0,2.0,0.0,3.0,2.0,4.0,14.0,11.4,-1.0,0,W, 124-117,124,117,1,0,No
33.0,87.0,33.0,2021-12-26,WAS,Home,PHI,"L, 96-117",,29:11:00,4.0,10.0,0.4,1.0,4.0,0.25,3.0,6.0,0.5,0.45,0.0,2.0,0.0,2.0,7.0,9.0,4.0,2.0,0.0,1.0,2.0,9.0,9.3,-2.0,1,L, 96-117,96,117,0,0,No
34.0,88.0,34.0,2021-12-28,WAS,Away,MIA,"L, 112-119",*,31:13:00,2.0,4.0,0.5,2.0,3.0,0.667,0.0,1.0,0.0,0.75,1.0,2.0,0.5,0.0,5.0,5.0,3.0,1.0,2.0,4.0,2.0,7.0,5.8,-7.0,0,L, 112-119,112,119,0,1,Yes
35.0,89.0,35.0,2021-12-30,WAS,Home,CLE,"W, 110-93",,24:10:00,5.0,12.0,0.417,1.0,5.0,0.2,4.0,7.0,0.571,0.458,2.0,2.0,1.0,1.0,5.0,6.0,1.0,0.0,0.0,1.0,3.0,13.0,7.3,8.0,1,W, 110-93,110,93,1,0,No
36.0,90.0,36.0,2022-01-01,WAS,Home,CHI,"L, 119-120",,34:03:00,4.0,9.0,0.444,0.0,4.0,0.0,4.0,5.0,0.8,0.444,2.0,2.0,1.0,0.0,6.0,6.0,1.0,1.0,0.0,0.0,6.0,10.0,6.4,1.0,1,L, 119-120,119,120,0,0,No
37.0,91.0,37.0,2022-01-03,WAS,Home,CHO,"W, 124-121",*,39:35:00,1.0,7.0,0.143,1.0,3.0,0.333,0.0,4.0,0.0,0.214,4.0,4.0,1.0,0.0,4.0,4.0,8.0,4.0,0.0,3.0,3.0,7.0,9.1,1.0,1,W, 124-121,124,121,1,1,Yes
38.0,92.0,38.0,2022-01-05,WAS,Home,HOU,"L, 111-114",*,33:12:00,2.0,12.0,0.167,1.0,7.0,0.143,1.0,5.0,0.2,0.208,3.0,4.0,0.75,2.0,6.0,8.0,1.0,0.0,0.0,1.0,2.0,8.0,2.1,-11.0,1,L, 111-114,111,114,0,1,Yes
39.0,93.0,39.0,2022-01-07,WAS,Away,CHI,"L, 122-130",,19:02,3.0,7.0,0.429,1.0,4.0,0.25,2.0,3.0,0.667,0.5,1.0,1.0,1.0,0.0,1.0,1.0,1.0,1.0,0.0,2.0,3.0,8.0,3.1,-7.0,0,L, 122-130,122,130,0,0,No
40.0,94.0,40.0,2022-01-09,WAS,Away,ORL,"W, 102-100",,12:01,1.0,3.0,0.333,0.0,0.0,,1.0,3.0,0.333,0.333,0.0,0.0,,0.0,3.0,3.0,0.0,0.0,1.0,0.0,2.0,2.0,1.1,-16.0,0,W, 102-100,102,100,1,0,No
41.0,95.0,41.0,2022-01-11,WAS,Home,OKC,"W, 122-118",,18:09,3.0,4.0,0.75,1.0,2.0,0.5,2.0,2.0,1.0,0.875,0.0,0.0,,0.0,2.0,2.0,0.0,1.0,0.0,1.0,2.0,7.0,5.2,-2.0,1,W, 122-118,122,118,1,0,No
42.0,96.0,42.0,2022-01-12,WAS,Home,ORL,"W, 112-106",,18:44,2.0,4.0,0.5,0.0,1.0,0.0,2.0,3.0,0.667,0.5,1.0,1.0,1.0,0.0,2.0,2.0,5.0,2.0,0.0,1.0,1.0,5.0,7.7,4.0,1,W, 112-106,112,106,1,0,No
43.0,97.0,43.0,2022-01-15,WAS,Home,POR,"L, 110-115",,19:48,2.0,6.0,0.333,1.0,4.0,0.25,1.0,2.0,0.5,0.417,1.0,2.0,0.5,0.0,4.0,4.0,0.0,1.0,0.0,1.0,1.0,6.0,3.0,1.0,1,L, 110-115,110,115,0,0,No
44.0,98.0,44.0,2022-01-17,WAS,Home,PHI,"W, 117-98",,2:44,1.0,1.0,1.0,0.0,0.0,,1.0,1.0,1.0,1.0,0.0,0.0,,0.0,0.0,0.0,0.0,1.0,0.0,0.0,0.0,2.0,2.7,-2.0,1,W, 117-98,117,98,1,0,No
45.0,99.0,45.0,2022-01-19,WAS,Home,BRK,"L, 118-119",,22:53,4.0,7.0,0.571,2.0,3.0,0.667,2.0,4.0,0.5,0.714,3.0,3.0,1.0,2.0,3.0,5.0,3.0,1.0,1.0,0.0,3.0,13.0,14.6,3.0,1,L, 118-119,118,119,0,0,No
46.0,100.0,46.0,2022-01-21,WAS,Home,TOR,"L, 105-109",*,31:15:00,4.0,8.0,0.5,1.0,5.0,0.2,3.0,3.0,1.0,0.563,0.0,0.0,,1.0,4.0,5.0,6.0,0.0,0.0,2.0,2.0,9.0,8.3,1.0,1,L, 105-109,105,109,0,1,Yes
47.0,101.0,47.0,2022-01-23,WAS,Home,BOS,"L, 87-116",,26:53:00,6.0,9.0,0.667,1.0,2.0,0.5,5.0,7.0,0.714,0.722,0.0,0.0,,1.0,6.0,7.0,1.0,0.0,0.0,0.0,4.0,13.0,10.7,-13.0,1,L, 87-116,87,116,0,0,No
48.0,102.0,48.0,2022-01-25,WAS,Home,LAC,"L, 115-116",,21:27,4.0,8.0,0.5,1.0,2.0,0.5,3.0,6.0,0.5,0.563,2.0,3.0,0.667,0.0,3.0,3.0,2.0,0.0,0.0,1.0,2.0,11.0,7.1,-4.0,1,L, 115-116,115,116,0,0,No
49.0,103.0,49.0,2022-01-29,WAS,Away,MEM,"L, 95-115",,26:07:00,3.0,8.0,0.375,1.0,2.0,0.5,2.0,6.0,0.333,0.438,0.0,0.0,,1.0,5.0,6.0,1.0,0.0,0.0,0.0,2.0,7.0,4.7,-7.0,0,L, 95-115,95,115,0,0,No
50.0,104.0,50.0,2022-02-01,WAS,Away,MIL,"L, 98-112",,21:50,2.0,4.0,0.5,1.0,2.0,0.5,1.0,2.0,0.5,0.625,1.0,1.0,1.0,0.0,6.0,6.0,1.0,0.0,0.0,2.0,3.0,6.0,3.3,14.0,0,L, 98-112,98,112,0,0,No
51.0,105.0,51.0,2022-02-02,WAS,Away,PHI,"W, 106-103",,25:52:00,3.0,8.0,0.375,0.0,4.0,0.0,3.0,4.0,0.75,0.375,2.0,2.0,1.0,0.0,9.0,9.0,0.0,0.0,0.0,0.0,0.0,8.0,6.3,8.0,0,W, 106-103,106,103,1,0,No
52.0,106.0,52.0,2022-02-05,WAS,Home,PHO,"L, 80-95",,21:07,3.0,6.0,0.5,0.0,1.0,0.0,3.0,5.0,0.6,0.5,0.0,0.0,,0.0,5.0,5.0,2.0,1.0,0.0,0.0,4.0,6.0,5.3,2.0,1,L, 80-95,80,95,0,0,No
53.0,107.0,53.0,2022-02-07,WAS,Home,MIA,"L, 100-121",,25:17:00,1.0,2.0,0.5,1.0,2.0,0.5,0.0,0.0,,0.75,2.0,2.0,1.0,0.0,6.0,6.0,4.0,2.0,0.0,2.0,3.0,5.0,7.4,1.0,1,L, 100-121,100,121,0,0,No
54.0,108.0,54.0,2022-02-10,WAS,Home,BRK,"W, 113-112",,31:36:00,5.0,11.0,0.455,2.0,6.0,0.333,3.0,5.0,0.6,0.545,1.0,1.0,1.0,0.0,4.0,4.0,1.0,1.0,1.0,0.0,4.0,13.0,9.3,-5.0,1,W, 113-112,113,112,1,0,No
55.0,109.0,55.0,2022-02-12,WAS,Home,SAC,"L, 110-123",,28:19:00,3.0,9.0,0.333,1.0,5.0,0.2,2.0,4.0,0.5,0.389,3.0,4.0,0.75,0.0,3.0,3.0,2.0,1.0,1.0,0.0,3.0,10.0,7.3,-14.0,1,L, 110-123,110,123,0,0,No
56.0,110.0,56.0,2022-02-14,WAS,Home,DET,"W, 103-94",,30:43:00,4.0,9.0,0.444,1.0,3.0,0.333,3.0,6.0,0.5,0.5,3.0,4.0,0.75,2.0,13.0,15.0,3.0,1.0,0.0,2.0,1.0,12.0,12.9,13.0,1,W, 103-94,103,94,1,0,No
57.0,111.0,57.0,2022-02-16,WAS,Away,IND,"L, 108-113",,31:46:00,5.0,11.0,0.455,2.0,5.0,0.4,3.0,6.0,0.5,0.545,2.0,2.0,1.0,1.0,6.0,7.0,2.0,0.0,1.0,1.0,3.0,14.0,10.7,4.0,0,L, 108-113,108,113,0,0,No
58.0,112.0,58.0,2022-02-17,WAS,Away,BRK,"W, 117-103",,30:50:00,4.0,10.0,0.4,1.0,3.0,0.333,3.0,7.0,0.429,0.45,4.0,4.0,1.0,0.0,8.0,8.0,2.0,2.0,1.0,0.0,3.0,13.0,12.9,7.0,0,W, 117-103,117,103,1,0,No
59.0,113.0,59.0,2022-02-25,WAS,Home,SAS,"L, 153-157 (2OT)",,37:03:00,6.0,10.0,0.6,2.0,3.0,0.667,4.0,7.0,0.571,0.7,0.0,0.0,,1.0,8.0,9.0,1.0,2.0,1.0,3.0,3.0,14.0,11.7,-7.0,1,L, 153-157 (2OT),153,157 (2OT),0,0,No
60.0,114.0,60.0,2022-02-26,WAS,Away,CLE,"L, 86-92",,23:18,0.0,4.0,0.0,0.0,2.0,0.0,0.0,2.0,0.0,0.0,0.0,0.0,,0.0,5.0,5.0,2.0,1.0,0.0,3.0,4.0,0.0,-3.5,5.0,0,L, 86-92,86,92,0,0,No
61.0,115.0,61.0,2022-03-01,WAS,Home,DET,"W, 116-113",,9:15,0.0,2.0,0.0,0.0,1.0,0.0,0.0,1.0,0.0,0.0,2.0,2.0,1.0,1.0,3.0,4.0,2.0,1.0,0.0,1.0,1.0,2.0,3.2,6.0,1,W, 116-113,116,113,1,0,No
62.0,116.0,62.0,2022-03-04,WAS,Home,ATL,"L, 114-117",,22:29,3.0,4.0,0.75,3.0,4.0,0.75,0.0,0.0,,1.125,0.0,0.0,,0.0,3.0,3.0,3.0,0.0,1.0,2.0,1.0,9.0,8.7,0.0,1,L, 114-117,114,117,0,0,No
63.0,117.0,63.0,2022-03-06,WAS,Home,IND,"W, 133-123",,30:42:00,3.0,8.0,0.375,0.0,3.0,0.0,3.0,5.0,0.6,0.375,4.0,4.0,1.0,2.0,5.0,7.0,3.0,0.0,0.0,1.0,2.0,10.0,8.8,8.0,1,W, 133-123,133,123,1,0,No
64.0,118.0,64.0,2022-03-09,WAS,Away,LAC,"L, 109-115",,19:23,0.0,5.0,0.0,0.0,1.0,0.0,0.0,4.0,0.0,0.0,0.0,0.0,,0.0,5.0,5.0,0.0,0.0,1.0,1.0,1.0,0.0,-2.7,-7.0,0,L, 109-115,109,115,0,0,No
65.0,119.0,65.0,2022-03-11,WAS,Away,LAL,"L, 109-122",,10:44,0.0,2.0,0.0,0.0,1.0,0.0,0.0,1.0,0.0,0.0,0.0,2.0,0.0,0.0,4.0,4.0,2.0,0.0,0.0,1.0,2.0,0.0,-1.4,3.0,0,L, 109-122,109,122,0,0,No
66.0,120.0,66.0,2022-03-12,WAS,Away,POR,"L, 118-127",,13:35,0.0,3.0,0.0,0.0,0.0,,0.0,3.0,0.0,0.0,0.0,0.0,,0.0,1.0,1.0,1.0,1.0,0.0,0.0,1.0,0.0,-0.5,-8.0,0,L, 118-127,118,127,0,0,No
67.0,121.0,67.0,2022-03-14,WAS,Away,GSW,"L, 112-126",,28:41:00,4.0,8.0,0.5,2.0,4.0,0.5,2.0,4.0,0.5,0.625,3.0,5.0,0.6,0.0,2.0,2.0,4.0,1.0,0.0,0.0,3.0,13.0,11.4,-13.0,0,L, 112-126,112,126,0,0,No
68.0,122.0,68.0,2022-03-16,WAS,Home,DEN,"L, 109-127",,28:10:00,7.0,10.0,0.7,0.0,1.0,0.0,7.0,9.0,0.778,0.7,5.0,6.0,0.833,1.0,6.0,7.0,3.0,0.0,0.0,0.0,2.0,19.0,18.2,-14.0,1,L, 109-127,109,127,0,0,No
69.0,123.0,69.0,2022-03-18,WAS,Away,NYK,"L, 97-100",,24:37:00,1.0,5.0,0.2,0.0,2.0,0.0,1.0,3.0,0.333,0.2,2.0,4.0,0.5,0.0,4.0,4.0,0.0,0.0,0.0,1.0,3.0,4.0,-0.9,-5.0,0,L, 97-100,97,100,0,0,No
70.0,124.0,70.0,2022-03-19,WAS,Home,LAL,"W, 127-119",,31:43:00,4.0,14.0,0.286,3.0,8.0,0.375,1.0,6.0,0.167,0.393,6.0,6.0,1.0,1.0,3.0,4.0,4.0,1.0,0.0,0.0,2.0,17.0,13.4,10.0,1,W, 127-119,127,119,1,0,No
71.0,125.0,71.0,2022-03-21,WAS,Away,HOU,"L, 97-115",,24:24:00,2.0,8.0,0.25,0.0,3.0,0.0,2.0,5.0,0.4,0.25,3.0,4.0,0.75,0.0,9.0,9.0,4.0,2.0,1.0,0.0,1.0,7.0,9.6,-7.0,0,L, 97-115,97,115,0,0,No
72.0,126.0,72.0,2022-03-24,WAS,Away,MIL,"L, 102-114",,31:37:00,5.0,13.0,0.385,2.0,7.0,0.286,3.0,6.0,0.5,0.462,0.0,0.0,,1.0,3.0,4.0,2.0,0.0,0.0,1.0,2.0,12.0,6.1,-8.0,0,L, 102-114,102,114,0,0,No
73.0,127.0,73.0,2022-03-25,WAS,Away,DET,"W, 100-97",,31:49:00,7.0,16.0,0.438,3.0,7.0,0.429,4.0,9.0,0.444,0.531,4.0,4.0,1.0,0.0,10.0,10.0,4.0,0.0,1.0,4.0,1.0,21.0,14.7,5.0,0,W, 100-97,100,97,1,0,No
74.0,128.0,74.0,2022-03-27,WAS,Home,GSW,"W, 123-115",,28:10:00,5.0,9.0,0.556,3.0,4.0,0.75,2.0,5.0,0.4,0.722,1.0,2.0,0.5,1.0,6.0,7.0,4.0,1.0,0.0,2.0,4.0,14.0,12.0,0.0,1,W, 123-115,123,115,1,0,No
75.0,129.0,75.0,2022-03-29,WAS,Home,CHI,"L, 94-107",,28:39:00,6.0,10.0,0.6,2.0,5.0,0.4,4.0,5.0,0.8,0.7,0.0,0.0,,1.0,7.0,8.0,3.0,1.0,1.0,2.0,3.0,14.0,12.8,-11.0,1,L, 94-107,94,107,0,0,No
76.0,130.0,76.0,2022-03-30,WAS,Home,ORL,"W, 127-110",,25:58:00,3.0,10.0,0.3,1.0,6.0,0.167,2.0,4.0,0.5,0.35,1.0,2.0,0.5,1.0,7.0,8.0,5.0,0.0,1.0,2.0,4.0,8.0,5.2,5.0,1,W, 127-110,127,110,1,0,No
77.0,131.0,77.0,2022-04-01,WAS,Home,DAL,"W, 135-103",,25:56:00,5.0,10.0,0.5,3.0,5.0,0.6,2.0,5.0,0.4,0.65,1.0,1.0,1.0,0.0,4.0,4.0,3.0,0.0,0.0,2.0,1.0,14.0,9.9,5.0,1,W, 135-103,135,103,1,0,No
78.0,132.0,78.0,2022-04-03,WAS,Away,BOS,"L, 102-144",,22:48,4.0,7.0,0.571,2.0,3.0,0.667,2.0,4.0,0.5,0.714,0.0,0.0,,0.0,1.0,1.0,3.0,0.0,1.0,2.0,3.0,10.0,6.6,-32.0,0,L, 102-144,102,144,0,0,No
79.0,133.0,79.0,2022-04-05,WAS,Away,MIN,"W, 132-114",,35:39:00,7.0,15.0,0.467,2.0,7.0,0.286,5.0,8.0,0.625,0.533,1.0,3.0,0.333,1.0,7.0,8.0,5.0,1.0,2.0,3.0,4.0,17.0,12.6,16.0,0,W, 132-114,132,114,1,0,No
80.0,134.0,80.0,2022-04-06,WAS,Away,ATL,"L, 103-118",,33:32:00,4.0,11.0,0.364,1.0,7.0,0.143,3.0,4.0,0.75,0.409,0.0,0.0,,2.0,5.0,7.0,6.0,0.0,0.0,2.0,4.0,9.0,6.4,-16.0,0,L, 103-118,103,118,0,0,No
81.0,135.0,81.0,2022-04-08,WAS,Home,NYK,"L, 92-114",*,25:48:00,5.0,11.0,0.455,1.0,4.0,0.25,4.0,7.0,0.571,0.5,0.0,0.0,,1.0,3.0,4.0,3.0,1.0,0.0,4.0,2.0,11.0,5.2,-20.0,1,L, 92-114,92,114,0,1,Yes
82.0,136.0,82.0,2022-04-10,WAS,Away,CHO,"L, 108-124",*,31:08:00,5.0,12.0,0.417,1.0,5.0,0.2,4.0,7.0,0.571,0.458,1.0,1.0,1.0,1.0,4.0,5.0,4.0,1.0,0.0,1.0,2.0,12.0,9.5,-11.0,0,L, 108-124,108,124,0,1,Yes
1.0,137.0,1.0,2022-10-19,WAS,Away,IND,"W, 114-107",*,7:40,1.0,1.0,1.0,0.0,0.0,,1.0,1.0,1.0,1.0,2.0,2.0,1.0,0.0,0.0,0.0,0.0,0.0,0.0,0.0,0.0,4.0,3.7,14.0,0,W, 114-107,114,107,1,1,Yes
2.0,138.0,2.0,2022-10-21,WAS,Home,CHI,"W, 102-100",*,23:01,2.0,4.0,0.5,2.0,2.0,1.0,0.0,2.0,0.0,0.75,0.0,0.0,,0.0,10.0,10.0,4.0,1.0,1.0,1.0,5.0,6.0,8.5,16.0,1,W, 102-100,102,100,1,1,Yes
3.0,139.0,3.0,2022-10-23,WAS,Away,CLE,"L, 107-117 (OT)",*,14:27,1.0,6.0,0.167,0.0,3.0,0.0,1.0,3.0,0.333,0.167,0.0,0.0,,0.0,2.0,2.0,0.0,2.0,0.0,1.0,4.0,2.0,-1.8,1.0,0,L, 107-117 (OT),107,117 (OT),0,1,Yes
4.0,140.0,4.0,2022-10-25,WAS,Home,DET,"W, 120-99",*,26:50:00,3.0,6.0,0.5,1.0,3.0,0.333,2.0,3.0,0.667,0.583,2.0,2.0,1.0,0.0,7.0,7.0,2.0,1.0,2.0,0.0,3.0,9.0,10.7,12.0,1,W, 120-99,120,99,1,1,Yes
5.0,141.0,5.0,2022-10-28,WAS,Home,IND,"L, 117-127",*,19:58,3.0,7.0,0.429,1.0,3.0,0.333,2.0,4.0,0.5,0.5,0.0,0.0,,1.0,1.0,2.0,0.0,0.0,0.0,2.0,2.0,7.0,1.5,-6.0,1,L, 117-127,117,127,0,1,Yes
6.0,142.0,6.0,2022-10-30,WAS,Away,BOS,"L, 94-112",*,11:01,2.0,4.0,0.5,1.0,1.0,1.0,1.0,3.0,0.333,0.625,1.0,2.0,0.5,0.0,1.0,1.0,1.0,0.0,0.0,0.0,2.0,6.0,3.8,-9.0,0,L, 94-112,94,112,0,1,Yes
7.0,143.0,7.0,2022-10-31,WAS,Home,PHI,"L, 111-118",,16:42,0.0,1.0,0.0,0.0,0.0,,0.0,1.0,0.0,0.0,0.0,0.0,,0.0,1.0,1.0,2.0,0.0,1.0,0.0,3.0,0.0,0.5,-12.0,1,L, 111-118,111,118,0,0,No
8.0,144.0,8.0,2022-11-02,WAS,Away,PHI,"W, 121-111",,28:48:00,1.0,3.0,0.333,0.0,1.0,0.0,1.0,2.0,0.5,0.333,3.0,4.0,0.75,1.0,7.0,8.0,1.0,0.0,3.0,0.0,5.0,5.0,6.5,17.0,0,W, 121-111,121,111,1,0,No
9.0,145.0,9.0,2022-11-04,WAS,Home,BRK,"L, 86-128",,21:32,2.0,5.0,0.4,0.0,2.0,0.0,2.0,3.0,0.667,0.4,0.0,0.0,,0.0,2.0,2.0,1.0,0.0,0.0,2.0,2.0,4.0,-0.2,-21.0,1,L, 86-128,86,128,0,0,No
10.0,146.0,10.0,2022-11-06,WAS,Away,MEM,"L, 97-103",*,26:03:00,2.0,12.0,0.167,0.0,5.0,0.0,2.0,7.0,0.286,0.167,0.0,0.0,,4.0,6.0,10.0,2.0,0.0,0.0,2.0,1.0,4.0,0.0,-16.0,0,L, 97-103,97,103,0,1,Yes
11.0,147.0,11.0,2022-11-07,WAS,Away,CHO,"W, 108-100",*,18:27,1.0,4.0,0.25,0.0,3.0,0.0,1.0,1.0,1.0,0.25,1.0,2.0,0.5,0.0,3.0,3.0,2.0,0.0,0.0,1.0,3.0,3.0,0.3,4.0,0,W, 108-100,108,100,1,1,Yes
12.0,148.0,12.0,2022-11-10,WAS,Home,DAL,"W, 113-105",*,32:22:00,4.0,13.0,0.308,1.0,4.0,0.25,3.0,9.0,0.333,0.346,3.0,3.0,1.0,2.0,4.0,6.0,4.0,1.0,0.0,3.0,4.0,12.0,6.3,-2.0,1,W, 113-105,113,105,1,1,Yes
13.0,149.0,13.0,2022-11-12,WAS,Home,UTA,"W, 121-112",*,34:22:00,4.0,6.0,0.667,1.0,2.0,0.5,3.0,4.0,0.75,0.75,4.0,4.0,1.0,1.0,6.0,7.0,3.0,3.0,1.0,2.0,3.0,13.0,15.5,22.0,1,W, 121-112,121,112,1,1,Yes
14.0,150.0,14.0,2022-11-13,WAS,Home,MEM,"W, 102-92",*,33:54:00,8.0,16.0,0.5,4.0,7.0,0.571,4.0,9.0,0.444,0.625,1.0,3.0,0.333,0.0,2.0,2.0,5.0,1.0,0.0,3.0,4.0,21.0,12.7,4.0,1,W, 102-92,102,92,1,1,Yes
15.0,151.0,15.0,2022-11-16,WAS,Home,OKC,"L, 120-121",*,29:34:00,4.0,10.0,0.4,2.0,3.0,0.667,2.0,7.0,0.286,0.5,2.0,2.0,1.0,3.0,4.0,7.0,2.0,0.0,2.0,4.0,5.0,12.0,6.7,1.0,1,L, 120-121,120,121,0,1,Yes
16.0,152.0,16.0,2022-11-18,WAS,Home,MIA,"W, 107-106 (OT)",*,14:25,1.0,2.0,0.5,1.0,2.0,0.5,0.0,0.0,,0.75,0.0,0.0,,0.0,1.0,1.0,3.0,0.0,0.0,1.0,4.0,3.0,1.8,-3.0,1,W, 107-106 (OT),107,106 (OT),1,1,Yes
17.0,153.0,17.0,2022-11-20,WAS,Home,CHO,"W, 106-102",*,31:08:00,6.0,11.0,0.545,0.0,3.0,0.0,6.0,8.0,0.75,0.545,0.0,1.0,0.0,4.0,9.0,13.0,1.0,0.0,1.0,1.0,2.0,12.0,11.4,7.0,1,W, 106-102,106,102,1,1,Yes
18.0,154.0,18.0,2022-11-23,WAS,Away,MIA,"L, 105-113",*,40:36:00,5.0,10.0,0.5,1.0,3.0,0.333,4.0,7.0,0.571,0.55,1.0,1.0,1.0,3.0,6.0,9.0,10.0,1.0,2.0,4.0,4.0,12.0,14.7,-3.0,0,L, 105-113,105,113,0,1,Yes
19.0,155.0,19.0,2022-11-25,WAS,Away,MIA,"L, 107-110",*,30:42:00,2.0,8.0,0.25,0.0,4.0,0.0,2.0,4.0,0.5,0.25,4.0,6.0,0.667,1.0,8.0,9.0,5.0,1.0,2.0,3.0,3.0,8.0,7.2,-2.0,0,L, 107-110,107,110,0,1,Yes
20.0,156.0,20.0,2022-11-27,WAS,Away,BOS,"L, 121-130",*,26:48:00,4.0,8.0,0.5,2.0,6.0,0.333,2.0,2.0,1.0,0.625,0.0,0.0,,0.0,1.0,1.0,3.0,1.0,0.0,0.0,3.0,10.0,8.2,-11.0,0,L, 121-130,121,130,0,1,Yes
21.0,157.0,21.0,2022-11-28,WAS,Home,MIN,"W, 142-127",*,18:36,2.0,6.0,0.333,0.0,2.0,0.0,2.0,4.0,0.5,0.333,2.0,2.0,1.0,0.0,6.0,6.0,0.0,2.0,0.0,0.0,3.0,6.0,5.2,7.0,1,W, 142-127,142,127,1,1,Yes
22.0,158.0,22.0,2022-11-30,WAS,Away,BRK,"L, 107-113",*,26:05:00,3.0,7.0,0.429,0.0,1.0,0.0,3.0,6.0,0.5,0.429,1.0,2.0,0.5,0.0,5.0,5.0,3.0,1.0,1.0,0.0,4.0,7.0,6.6,-6.0,0,L, 107-113,107,113,0,1,Yes
23.0,159.0,23.0,2022-12-02,WAS,Away,CHO,"L, 116-117",*,8:59,0.0,2.0,0.0,0.0,0.0,,0.0,2.0,0.0,0.0,0.0,0.0,,1.0,0.0,1.0,0.0,0.0,0.0,2.0,2.0,0.0,-3.5,-17.0,0,L, 116-117,116,117,0,1,Yes
24.0,160.0,24.0,2022-12-04,WAS,Home,LAL,"L, 119-130",*,25:10:00,3.0,11.0,0.273,1.0,8.0,0.125,2.0,3.0,0.667,0.318,0.0,0.0,,1.0,7.0,8.0,1.0,2.0,1.0,1.0,3.0,7.0,4.5,-14.0,1,L, 119-130,119,130,0,1,Yes
25.0,161.0,25.0,2022-12-07,WAS,Away,CHI,"L, 111-115",*,38:51:00,4.0,8.0,0.5,0.0,1.0,0.0,4.0,7.0,0.571,0.5,2.0,3.0,0.667,1.0,4.0,5.0,6.0,4.0,0.0,0.0,2.0,10.0,14.9,-9.0,0,L, 111-115,111,115,0,1,Yes
26.0,162.0,26.0,2022-12-09,WAS,Away,IND,"L, 111-121",*,39:52:00,6.0,11.0,0.545,1.0,5.0,0.2,5.0,6.0,0.833,0.591,1.0,2.0,0.5,2.0,7.0,9.0,4.0,1.0,0.0,3.0,4.0,14.0,11.0,-5.0,0,L, 111-121,111,121,0,1,Yes
27.0,163.0,27.0,2022-12-10,WAS,Home,LAC,"L, 107-114",*,38:38:00,4.0,10.0,0.4,3.0,7.0,0.429,1.0,3.0,0.333,0.55,0.0,0.0,,0.0,6.0,6.0,6.0,0.0,1.0,1.0,1.0,11.0,10.9,4.0,1,L, 107-114,107,114,0,1,Yes
28.0,164.0,28.0,2022-12-12,WAS,Home,BRK,"L, 100-112",*,26:37:00,2.0,4.0,0.5,1.0,3.0,0.333,1.0,1.0,1.0,0.625,3.0,3.0,1.0,0.0,7.0,7.0,1.0,0.0,0.0,1.0,4.0,8.0,6.2,-3.0,1,L, 100-112,100,112,0,1,Yes
29.0,165.0,29.0,2022-12-14,WAS,Away,DEN,"L, 128-141",*,28:44:00,4.0,7.0,0.571,1.0,2.0,0.5,3.0,5.0,0.6,0.643,0.0,0.0,,0.0,6.0,6.0,5.0,3.0,0.0,2.0,5.0,9.0,10.0,-17.0,0,L, 128-141,128,141,0,1,Yes
30.0,166.0,30.0,2022-12-17,WAS,Away,LAC,"L, 93-102",*,37:21:00,3.0,8.0,0.375,1.0,3.0,0.333,2.0,5.0,0.4,0.438,4.0,4.0,1.0,1.0,9.0,10.0,5.0,1.0,1.0,3.0,5.0,11.0,10.2,-17.0,0,L, 93-102,93,102,0,1,Yes
31.0,167.0,31.0,2022-12-18,WAS,Away,LAL,"L, 117-119",*,21:26,3.0,7.0,0.429,2.0,4.0,0.5,1.0,3.0,0.333,0.571,0.0,0.0,,0.0,3.0,3.0,1.0,0.0,1.0,1.0,1.0,8.0,5.2,2.0,0,L, 117-119,117,119,0,1,Yes
32.0,168.0,32.0,2022-12-20,WAS,Away,PHO,"W, 113-110",*,36:12:00,4.0,8.0,0.5,2.0,5.0,0.4,2.0,3.0,0.667,0.625,6.0,6.0,1.0,1.0,9.0,10.0,4.0,0.0,1.0,0.0,4.0,16.0,17.3,11.0,0,W, 113-110,113,110,1,1,Yes
32.0,,33.0,2022-12-22,WAS,Away,UTA,"L, 112-120",Inactive,,,,,,,,,,,,,,,,,,,,,,,,,,0,L, 112-120,112,120,0,0,No
32.0,,34.0,2022-12-23,WAS,Away,SAC,"W, 125-111",Inactive,,,,,,,,,,,,,,,,,,,,,,,,,,0,W, 125-111,125,111,1,0,No
33.0,169.0,35.0,2022-12-27,WAS,Home,PHI,"W, 116-111",,20:01,2.0,4.0,0.5,1.0,1.0,1.0,1.0,3.0,0.333,0.625,2.0,2.0,1.0,2.0,1.0,3.0,0.0,0.0,1.0,1.0,2.0,7.0,5.6,-5.0,1,W, 116-111,116,111,1,0,No
34.0,170.0,36.0,2022-12-28,WAS,Home,PHO,"W, 127-102",,27:11:00,3.0,5.0,0.6,1.0,3.0,0.333,2.0,2.0,1.0,0.7,1.0,2.0,0.5,1.0,6.0,7.0,2.0,0.0,0.0,3.0,2.0,8.0,5.4,16.0,1,W, 127-102,127,102,1,0,No
35.0,171.0,37.0,2022-12-30,WAS,Away,ORL,"W, 119-100",,27:31:00,5.0,8.0,0.625,2.0,5.0,0.4,3.0,3.0,1.0,0.75,1.0,1.0,1.0,0.0,7.0,7.0,6.0,2.0,1.0,3.0,5.0,13.0,13.4,-3.0,0,W, 119-100,119,100,1,0,No
36.0,172.0,38.0,2023-01-01,WAS,Away,MIL,"W, 118-95",,28:44:00,5.0,12.0,0.417,0.0,3.0,0.0,5.0,9.0,0.556,0.417,1.0,2.0,0.5,4.0,8.0,12.0,3.0,2.0,0.0,4.0,0.0,11.0,9.5,13.0,0,W, 118-95,118,95,1,0,No
37.0,173.0,39.0,2023-01-03,WAS,Away,MIL,"L, 113-123",,28:02:00,4.0,7.0,0.571,0.0,3.0,0.0,4.0,4.0,1.0,0.571,4.0,4.0,1.0,2.0,2.0,4.0,3.0,1.0,0.0,2.0,3.0,12.0,10.6,-11.0,0,L, 113-123,113,123,0,0,No
38.0,174.0,40.0,2023-01-06,WAS,Away,OKC,"L, 110-127",,17:11,1.0,2.0,0.5,0.0,1.0,0.0,1.0,1.0,1.0,0.5,2.0,2.0,1.0,0.0,3.0,3.0,0.0,0.0,0.0,2.0,1.0,4.0,1.5,-11.0,0,L, 110-127,110,127,0,0,No
39.0,175.0,41.0,2023-01-09,WAS,Home,NOP,"L, 112-132",,21:43,2.0,6.0,0.333,0.0,2.0,0.0,2.0,4.0,0.5,0.333,0.0,2.0,0.0,1.0,3.0,4.0,3.0,0.0,0.0,0.0,2.0,4.0,2.7,-9.0,1,L, 112-132,112,132,0,0,No
40.0,176.0,42.0,2023-01-11,WAS,Home,CHI,"W, 100-97",*,34:48:00,3.0,6.0,0.5,1.0,2.0,0.5,2.0,4.0,0.5,0.583,2.0,2.0,1.0,3.0,17.0,20.0,3.0,0.0,0.0,4.0,3.0,9.0,10.1,1.0,1,W, 100-97,100,97,1,1,Yes
41.0,177.0,43.0,2023-01-13,WAS,Home,NYK,"L, 108-112",,25:58:00,1.0,5.0,0.2,0.0,4.0,0.0,1.0,1.0,1.0,0.2,1.0,1.0,1.0,2.0,7.0,9.0,2.0,0.0,0.0,0.0,4.0,3.0,3.2,-2.0,1,L, 108-112,108,112,0,0,No
42.0,178.0,44.0,2023-01-16,WAS,Home,GSW,"L, 118-127",,13:58,3.0,9.0,0.333,0.0,2.0,0.0,3.0,7.0,0.429,0.333,0.0,0.0,,2.0,3.0,5.0,2.0,0.0,0.0,2.0,4.0,6.0,1.0,-4.0,1,L, 118-127,118,127,0,0,No
43.0,179.0,45.0,2023-01-18,WAS,Away,NYK,"W, 116-105",,29:04:00,6.0,11.0,0.545,2.0,3.0,0.667,4.0,8.0,0.5,0.636,0.0,1.0,0.0,3.0,4.0,7.0,1.0,1.0,1.0,0.0,3.0,14.0,12.8,-11.0,0,W, 116-105,116,105,1,0,No
44.0,180.0,46.0,2023-01-21,WAS,Home,ORL,"W, 138-118",,24:40:00,0.0,5.0,0.0,0.0,3.0,0.0,0.0,2.0,0.0,0.0,0.0,2.0,0.0,0.0,4.0,4.0,0.0,1.0,0.0,0.0,2.0,0.0,-2.9,4.0,1,W, 138-118,138,118,1,0,No
45.0,181.0,47.0,2023-01-24,WAS,Away,DAL,"W, 127-126",,32:07:00,3.0,5.0,0.6,0.0,1.0,0.0,3.0,4.0,0.75,0.6,9.0,11.0,0.818,2.0,8.0,10.0,3.0,3.0,0.0,1.0,3.0,15.0,18.6,4.0,0,W, 127-126,127,126,1,0,No
46.0,182.0,48.0,2023-01-25,WAS,Away,HOU,"W, 108-103",,29:57:00,4.0,13.0,0.308,1.0,4.0,0.25,3.0,9.0,0.333,0.346,1.0,2.0,0.5,2.0,8.0,10.0,3.0,1.0,1.0,0.0,3.0,10.0,8.5,7.0,0,W, 108-103,108,103,1,0,No
47.0,183.0,49.0,2023-01-28,WAS,Away,NOP,"W, 113-103",,27:21:00,5.0,8.0,0.625,1.0,3.0,0.333,4.0,5.0,0.8,0.688,4.0,6.0,0.667,0.0,9.0,9.0,1.0,2.0,0.0,1.0,2.0,15.0,14.2,14.0,0,W, 113-103,113,103,1,0,No
48.0,184.0,50.0,2023-01-30,WAS,Away,SAS,"W, 127-106",,33:18:00,10.0,12.0,0.833,2.0,2.0,1.0,8.0,10.0,0.8,0.917,3.0,4.0,0.75,1.0,8.0,9.0,1.0,1.0,1.0,2.0,4.0,25.0,22.1,25.0,0,W, 127-106,127,106,1,0,No
49.0,185.0,51.0,2023-02-03,WAS,Home,POR,"L, 116-124",,15:01,0.0,8.0,0.0,0.0,2.0,0.0,0.0,6.0,0.0,0.0,2.0,2.0,1.0,1.0,3.0,4.0,2.0,0.0,0.0,0.0,2.0,2.0,-1.4,0.0,1,L, 116-124,116,124,0,0,No
50.0,186.0,52.0,2023-02-04,WAS,Away,BRK,"L, 123-125",,34:16:00,6.0,14.0,0.429,4.0,9.0,0.444,2.0,5.0,0.4,0.571,7.0,12.0,0.583,1.0,5.0,6.0,3.0,4.0,0.0,3.0,4.0,23.0,17.3,8.0,0,L, 123-125,123,125,0,0,No
51.0,187.0,53.0,2023-02-06,WAS,Home,CLE,"L, 91-114",*,30:02:00,3.0,10.0,0.3,1.0,4.0,0.25,2.0,6.0,0.333,0.35,5.0,5.0,1.0,0.0,4.0,4.0,3.0,2.0,0.0,3.0,2.0,12.0,7.7,-23.0,1,L, 91-114,91,114,0,1,Yes
52.0,188.0,54.0,2023-02-08,WAS,Home,CHO,"W, 118-104",*,36:39:00,8.0,13.0,0.615,3.0,5.0,0.6,5.0,8.0,0.625,0.731,1.0,1.0,1.0,1.0,12.0,13.0,0.0,0.0,0.0,1.0,2.0,20.0,16.6,6.0,1,W, 118-104,118,104,1,1,Yes
53.0,189.0,55.0,2023-02-11,WAS,Home,IND,"W, 127-113",,29:52:00,7.0,8.0,0.875,1.0,2.0,0.5,6.0,6.0,1.0,0.938,1.0,2.0,0.5,0.0,6.0,6.0,3.0,0.0,1.0,2.0,2.0,16.0,14.6,16.0,1,W, 127-113,127,113,1,0,No
54.0,190.0,56.0,2023-02-13,WAS,Away,GSW,"L, 126-135",,27:13:00,3.0,10.0,0.3,1.0,5.0,0.2,2.0,5.0,0.4,0.35,0.0,0.0,,2.0,3.0,5.0,3.0,2.0,0.0,1.0,3.0,7.0,5.4,13.0,0,L, 126-135,126,135,0,0,No
55.0,191.0,57.0,2023-02-14,WAS,Away,POR,"W, 126-101",,18:03,1.0,4.0,0.25,0.0,2.0,0.0,1.0,2.0,0.5,0.25,0.0,0.0,,0.0,3.0,3.0,3.0,0.0,0.0,1.0,1.0,2.0,1.2,6.0,0,W, 126-101,126,101,1,0,No
56.0,192.0,58.0,2023-02-16,WAS,Away,MIN,"W, 114-106",,24:12:00,3.0,8.0,0.375,0.0,1.0,0.0,3.0,7.0,0.429,0.375,4.0,5.0,0.8,3.0,6.0,9.0,4.0,2.0,0.0,1.0,4.0,10.0,11.3,12.0,0,W, 114-106,114,106,1,0,No
57.0,193.0,59.0,2023-02-24,WAS,Home,NYK,"L, 109-115",,26:53:00,5.0,7.0,0.714,1.0,3.0,0.333,4.0,4.0,1.0,0.786,0.0,0.0,,0.0,7.0,7.0,5.0,1.0,0.0,0.0,0.0,11.0,14.7,9.0,1,L, 109-115,109,115,0,0,No
58.0,194.0,60.0,2023-02-26,WAS,Away,CHI,"L, 82-102",*,27:06:00,2.0,5.0,0.4,1.0,4.0,0.25,1.0,1.0,1.0,0.5,3.0,4.0,0.75,0.0,4.0,4.0,2.0,1.0,0.0,4.0,3.0,8.0,3.3,-16.0,0,L, 82-102,82,102,0,1,Yes
59.0,195.0,61.0,2023-02-28,WAS,Away,ATL,"W, 119-116",*,31:08:00,2.0,9.0,0.222,0.0,1.0,0.0,2.0,8.0,0.25,0.222,0.0,0.0,,4.0,9.0,13.0,0.0,1.0,0.0,0.0,1.0,4.0,4.6,2.0,0,W, 119-116,119,116,1,1,Yes
60.0,196.0,62.0,2023-03-02,WAS,Home,TOR,"W, 119-108",,28:27:00,2.0,7.0,0.286,0.0,3.0,0.0,2.0,4.0,0.5,0.286,2.0,3.0,0.667,1.0,8.0,9.0,3.0,0.0,1.0,0.0,2.0,6.0,6.6,-3.0,1,W, 119-108,119,108,1,0,No
61.0,197.0,63.0,2023-03-04,WAS,Home,TOR,"L, 109-116 (OT)",,7:20,0.0,1.0,0.0,0.0,1.0,0.0,0.0,0.0,,0.0,0.0,0.0,,0.0,2.0,2.0,0.0,0.0,0.0,1.0,3.0,0.0,-2.3,1.0,1,L, 109-116 (OT),109,116 (OT),0,0,No
62.0,198.0,64.0,2023-03-05,WAS,Home,MIL,"L, 111-117",,31:07:00,5.0,10.0,0.5,2.0,4.0,0.5,3.0,6.0,0.5,0.6,5.0,5.0,1.0,2.0,4.0,6.0,2.0,3.0,0.0,2.0,4.0,17.0,15.4,-13.0,1,L, 111-117,111,117,0,0,No
63.0,199.0,65.0,2023-03-07,WAS,Away,DET,"W, 119-117",,20:45,2.0,2.0,1.0,1.0,1.0,1.0,1.0,1.0,1.0,1.25,2.0,2.0,1.0,0.0,5.0,5.0,2.0,0.0,0.0,4.0,4.0,7.0,3.7,6.0,0,W, 119-117,119,117,1,0,No
64.0,200.0,66.0,2023-03-08,WAS,Home,ATL,"L, 120-122",,23:06,1.0,6.0,0.167,0.0,3.0,0.0,1.0,3.0,0.333,0.167,0.0,0.0,,1.0,7.0,8.0,3.0,0.0,0.0,3.0,3.0,2.0,-1.1,-14.0,1,L, 120-122,120,122,0,0,No
65.0,201.0,67.0,2023-03-10,WAS,Home,ATL,"L, 107-114",,17:52,2.0,5.0,0.4,1.0,2.0,0.5,1.0,3.0,0.333,0.5,0.0,0.0,,0.0,6.0,6.0,3.0,0.0,0.0,0.0,2.0,5.0,5.4,-19.0,1,L, 107-114,107,114,0,0,No
66.0,202.0,68.0,2023-03-12,WAS,Away,PHI,"L, 93-112",,23:38,1.0,8.0,0.125,0.0,2.0,0.0,1.0,6.0,0.167,0.125,2.0,2.0,1.0,0.0,2.0,2.0,3.0,0.0,0.0,0.0,2.0,4.0,0.7,3.0,0,L, 93-112,93,112,0,0,No
67.0,203.0,69.0,2023-03-14,WAS,Home,DET,"W, 117-97",,28:15:00,6.0,8.0,0.75,1.0,3.0,0.333,5.0,5.0,1.0,0.813,0.0,0.0,,0.0,6.0,6.0,2.0,0.0,0.0,1.0,1.0,13.0,11.6,3.0,1,W, 117-97,117,97,1,0,No
68.0,204.0,70.0,2023-03-17,WAS,Away,CLE,"L, 94-117",,18:26,0.0,3.0,0.0,0.0,3.0,0.0,0.0,0.0,,0.0,2.0,4.0,0.5,0.0,1.0,1.0,3.0,0.0,0.0,0.0,2.0,2.0,0.7,2.0,0,L, 94-117,94,117,0,0,No
69.0,205.0,71.0,2023-03-18,WAS,Home,SAC,"L, 118-132",,28:13:00,1.0,9.0,0.111,1.0,2.0,0.5,0.0,7.0,0.0,0.167,0.0,0.0,,3.0,8.0,11.0,6.0,1.0,0.0,1.0,1.0,3.0,5.4,-2.0,1,L, 118-132,118,132,0,0,No
70.0,206.0,72.0,2023-03-21,WAS,Away,ORL,"L, 112-122",,33:57:00,5.0,6.0,0.833,3.0,4.0,0.75,2.0,2.0,1.0,1.083,2.0,3.0,0.667,0.0,10.0,10.0,3.0,2.0,0.0,4.0,2.0,15.0,14.7,-14.0,0,L, 112-122,112,122,0,0,No
71.0,207.0,73.0,2023-03-22,WAS,Home,DEN,"L, 104-118",*,31:41:00,7.0,9.0,0.778,1.0,2.0,0.5,6.0,7.0,0.857,0.833,1.0,2.0,0.5,0.0,8.0,8.0,6.0,0.0,0.0,4.0,1.0,16.0,14.3,-23.0,1,L, 104-118,104,118,0,1,Yes
72.0,208.0,74.0,2023-03-24,WAS,Home,SAS,"W, 136-124",*,33:32:00,9.0,14.0,0.643,3.0,6.0,0.5,6.0,8.0,0.75,0.75,0.0,1.0,0.0,0.0,11.0,11.0,6.0,1.0,0.0,2.0,4.0,21.0,19.3,0.0,1,W, 136-124,136,124,1,1,Yes
73.0,209.0,75.0,2023-03-26,WAS,Away,TOR,"L, 104-114",*,34:26:00,6.0,13.0,0.462,1.0,4.0,0.25,5.0,9.0,0.556,0.5,2.0,4.0,0.5,3.0,6.0,9.0,7.0,1.0,0.0,3.0,2.0,15.0,13.5,3.0,0,L, 104-114,104,114,0,1,Yes
74.0,210.0,76.0,2023-03-28,WAS,Home,BOS,"W, 130-111",*,36:31:00,10.0,16.0,0.625,2.0,5.0,0.4,8.0,11.0,0.727,0.688,3.0,5.0,0.6,0.0,10.0,10.0,5.0,1.0,0.0,4.0,1.0,25.0,20.1,12.0,1,W, 130-111,130,111,1,1,Yes
75.0,211.0,77.0,2023-03-31,WAS,Home,ORL,"L, 109-116",*,31:48:00,2.0,14.0,0.143,0.0,6.0,0.0,2.0,8.0,0.25,0.143,2.0,3.0,0.667,0.0,6.0,6.0,4.0,0.0,0.0,1.0,4.0,6.0,-1.4,,1,L, 109-116,109,116,0,1,Yes
76.0,212.0,78.0,2023-04-02,WAS,Away,NYK,"L, 109-118",*,34:25:00,3.0,8.0,0.375,1.0,3.0,0.333,2.0,5.0,0.4,0.438,2.0,2.0,1.0,0.0,3.0,3.0,5.0,3.0,1.0,8.0,4.0,9.0,3.1,-3.0,0,L, 109-118,109,118,0,1,Yes
76.0,,79.0,2023-04-04,WAS,Home,MIL,"L, 128-140",Inactive,,,,,,,,,,,,,,,,,,,,,,,,,,1,L, 128-140,128,140,0,0,No
76.0,,80.0,2023-04-05,WAS,Away,ATL,"L, 116-134",Inactive,,,,,,,,,,,,,,,,,,,,,,,,,,0,L, 116-134,116,134,0,0,No
76.0,,81.0,2023-04-07,WAS,Home,MIA,"W, 114-108",Inactive,,,,,,,,,,,,,,,,,,,,,,,,,,1,W, 114-108,114,108,1,0,No
1.0,213.0,1.0,2023-10-25,WAS,Away,IND,"L, 120-143",*,20:40,4.0,8.0,0.5,0.0,0.0,,4.0,8.0,0.5,0.5,1.0,2.0,0.5,2.0,5.0,7.0,5.0,1.0,0.0,2.0,0.0,9.0,10.0,-15.0,0,L, 120-143,120,143,0,1,Yes
2.0,214.0,2.0,2023-10-28,WAS,Home,MEM,"W, 113-106",*,27:26:00,4.0,8.0,0.5,2.0,3.0,0.667,2.0,5.0,0.4,0.625,0.0,0.0,,2.0,4.0,6.0,2.0,2.0,0.0,1.0,2.0,10.0,10.2,9.0,1,W, 113-106,113,106,1,1,Yes
3.0,215.0,3.0,2023-10-30,WAS,Home,BOS,"L, 107-126",*,22:13,4.0,10.0,0.4,1.0,3.0,0.333,3.0,7.0,0.429,0.45,2.0,2.0,1.0,2.0,5.0,7.0,1.0,1.0,0.0,0.0,4.0,11.0,8.6,-26.0,1,L, 107-126,107,126,0,1,Yes
4.0,216.0,4.0,2023-11-01,WAS,Away,ATL,"L, 121-130",*,23:34,10.0,16.0,0.625,2.0,4.0,0.5,8.0,12.0,0.667,0.688,0.0,1.0,0.0,3.0,2.0,5.0,3.0,2.0,1.0,1.0,5.0,22.0,18.9,3.0,0,L, 121-130,121,130,0,1,Yes
5.0,217.0,5.0,2023-11-03,WAS,Away,MIA,"L, 114-121",*,23:46,6.0,8.0,0.75,1.0,2.0,0.5,5.0,6.0,0.833,0.813,1.0,2.0,0.5,0.0,4.0,4.0,3.0,0.0,0.0,2.0,1.0,14.0,11.3,-14.0,0,L, 114-121,114,121,0,1,Yes
6.0,218.0,6.0,2023-11-06,WAS,Away,PHI,"L, 128-146",*,27:34:00,5.0,8.0,0.625,2.0,4.0,0.5,3.0,4.0,0.75,0.75,4.0,4.0,1.0,1.0,4.0,5.0,6.0,1.0,0.0,1.0,1.0,16.0,18.1,-10.0,0,L, 128-146,128,146,0,1,Yes
7.0,219.0,7.0,2023-11-08,WAS,Away,CHO,"W, 132-116",*,27:32:00,3.0,10.0,0.3,0.0,1.0,0.0,3.0,9.0,0.333,0.3,3.0,3.0,1.0,1.0,2.0,3.0,5.0,0.0,1.0,1.0,4.0,9.0,6.1,-5.0,0,W, 132-116,132,116,1,1,Yes
8.0,220.0,8.0,2023-11-10,WAS,Home,CHO,"L, 117-124",*,30:44:00,5.0,9.0,0.556,1.0,4.0,0.25,4.0,5.0,0.8,0.611,0.0,0.0,,1.0,5.0,6.0,5.0,1.0,1.0,3.0,2.0,11.0,10.3,9.0,1,L, 117-124,117,124,0,1,Yes
9.0,221.0,9.0,2023-11-12,WAS,Away,BRK,"L, 94-102",*,37:36:00,6.0,18.0,0.333,1.0,8.0,0.125,5.0,10.0,0.5,0.361,1.0,2.0,0.5,2.0,7.0,9.0,3.0,3.0,0.0,2.0,2.0,14.0,9.2,-1.0,0,L, 94-102,94,102,0,1,Yes
10.0,222.0,10.0,2023-11-13,WAS,Away,TOR,"L, 107-111",*,29:48:00,4.0,7.0,0.571,1.0,1.0,1.0,3.0,6.0,0.5,0.643,0.0,0.0,,1.0,7.0,8.0,6.0,0.0,0.0,4.0,2.0,9.0,7.9,-2.0,0,L, 107-111,107,111,0,1,Yes
11.0,223.0,11.0,2023-11-15,WAS,Home,DAL,"L, 117-130",*,23:59,5.0,6.0,0.833,3.0,4.0,0.75,2.0,2.0,1.0,1.083,2.0,2.0,1.0,1.0,2.0,3.0,4.0,3.0,0.0,0.0,4.0,15.0,18.3,1.0,1,L, 117-130,117,130,0,1,Yes
12.0,224.0,12.0,2023-11-17,WAS,Home,NYK,"L, 99-120",*,31:39:00,7.0,11.0,0.636,2.0,4.0,0.5,5.0,7.0,0.714,0.727,2.0,2.0,1.0,0.0,4.0,4.0,2.0,1.0,1.0,3.0,4.0,18.0,12.8,-6.0,1,L, 99-120,99,120,0,1,Yes
13.0,225.0,13.0,2023-11-20,WAS,Home,MIL,"L, 129-142",*,31:27:00,3.0,5.0,0.6,0.0,1.0,0.0,3.0,4.0,0.75,0.6,1.0,2.0,0.5,1.0,3.0,4.0,2.0,0.0,1.0,0.0,3.0,7.0,6.8,-28.0,1,L, 129-142,129,142,0,1,Yes
14.0,226.0,14.0,2023-11-22,WAS,Away,CHO,"L, 114-117",*,28:20:00,5.0,9.0,0.556,1.0,2.0,0.5,4.0,7.0,0.571,0.611,2.0,2.0,1.0,2.0,3.0,5.0,1.0,0.0,0.0,1.0,0.0,13.0,10.7,3.0,0,L, 114-117,114,117,0,1,Yes
15.0,227.0,15.0,2023-11-24,WAS,Away,MIL,"L, 128-131",*,28:24:00,1.0,6.0,0.167,0.0,0.0,,1.0,6.0,0.167,0.167,0.0,0.0,,2.0,3.0,5.0,5.0,0.0,0.0,0.0,3.0,2.0,2.8,-2.0,0,L, 128-131,128,131,0,1,Yes
16.0,228.0,16.0,2023-11-25,WAS,Home,ATL,"L, 108-136",*,16:49,3.0,8.0,0.375,1.0,4.0,0.25,2.0,4.0,0.5,0.438,2.0,2.0,1.0,1.0,5.0,6.0,2.0,0.0,0.0,3.0,2.0,9.0,4.4,-17.0,1,L, 108-136,108,136,0,1,Yes
17.0,229.0,17.0,2023-11-27,WAS,Away,DET,"W, 126-107",*,25:56:00,6.0,9.0,0.667,1.0,3.0,0.333,5.0,6.0,0.833,0.722,3.0,3.0,1.0,0.0,6.0,6.0,5.0,0.0,0.0,3.0,3.0,16.0,13.2,1.0,0,W, 126-107,126,107,1,1,Yes
18.0,230.0,18.0,2023-11-29,WAS,Away,ORL,"L, 120-139",*,27:39:00,9.0,12.0,0.75,1.0,2.0,0.5,8.0,10.0,0.8,0.792,3.0,4.0,0.75,3.0,1.0,4.0,5.0,2.0,0.0,0.0,1.0,22.0,24.3,-9.0,0,L, 120-139,120,139,0,1,Yes
19.0,231.0,19.0,2023-12-01,WAS,Away,ORL,"L, 125-130",*,20:27,2.0,7.0,0.286,0.0,2.0,0.0,2.0,5.0,0.4,0.286,2.0,2.0,1.0,0.0,3.0,3.0,5.0,0.0,0.0,0.0,1.0,6.0,5.9,-6.0,0,L, 125-130,125,130,0,1,Yes
20.0,232.0,20.0,2023-12-06,WAS,Home,PHI,"L, 126-131",*,30:46:00,4.0,10.0,0.4,0.0,4.0,0.0,4.0,6.0,0.667,0.4,0.0,0.0,,0.0,8.0,8.0,8.0,0.0,1.0,2.0,2.0,8.0,8.5,6.0,1,L, 126-131,126,131,0,1,Yes
21.0,233.0,21.0,2023-12-08,WAS,Away,BRK,"L, 97-124",*,27:17:00,6.0,9.0,0.667,1.0,4.0,0.25,5.0,5.0,1.0,0.722,2.0,3.0,0.667,0.0,7.0,7.0,4.0,1.0,2.0,0.0,1.0,15.0,17.6,-6.0,0,L, 97-124,97,124,0,1,Yes
22.0,234.0,22.0,2023-12-11,WAS,Away,PHI,"L, 101-146",*,25:50:00,3.0,8.0,0.375,1.0,3.0,0.333,2.0,5.0,0.4,0.438,2.0,2.0,1.0,2.0,4.0,6.0,3.0,1.0,0.0,3.0,1.0,9.0,6.9,-31.0,0,L, 101-146,101,146,0,1,Yes
23.0,235.0,23.0,2023-12-13,WAS,Home,NOP,"L, 122-142",*,29:35:00,4.0,8.0,0.5,1.0,3.0,0.333,3.0,5.0,0.6,0.563,4.0,4.0,1.0,0.0,5.0,5.0,7.0,0.0,0.0,2.0,1.0,13.0,13.0,-4.0,1,L, 122-142,122,142,0,1,Yes
24.0,236.0,24.0,2023-12-15,WAS,Home,IND,"W, 137-123",*,24:42:00,2.0,9.0,0.222,0.0,0.0,,2.0,9.0,0.222,0.222,2.0,2.0,1.0,1.0,5.0,6.0,4.0,0.0,0.0,1.0,0.0,6.0,4.5,1.0,1,W, 137-123,137,123,1,1,Yes
25.0,237.0,25.0,2023-12-17,WAS,Away,PHO,"L, 108-112",*,31:33:00,2.0,6.0,0.333,0.0,1.0,0.0,2.0,5.0,0.4,0.333,3.0,4.0,0.75,0.0,6.0,6.0,2.0,0.0,0.0,2.0,5.0,7.0,2.4,7.0,0,L, 108-112,108,112,0,1,Yes
26.0,238.0,26.0,2023-12-18,WAS,Away,SAC,"L, 131-143",*,23:28,3.0,8.0,0.375,1.0,3.0,0.333,2.0,5.0,0.4,0.438,2.0,4.0,0.5,0.0,5.0,5.0,3.0,1.0,0.0,2.0,5.0,9.0,4.4,-23.0,0,L, 131-143,131,143,0,1,Yes
27.0,239.0,27.0,2023-12-21,WAS,Away,POR,"W, 118-117",*,34:46:00,4.0,7.0,0.571,0.0,1.0,0.0,4.0,6.0,0.667,0.571,5.0,7.0,0.714,2.0,9.0,11.0,6.0,1.0,0.0,2.0,1.0,13.0,15.8,9.0,0,W, 118-117,118,117,1,1,Yes
28.0,240.0,28.0,2023-12-22,WAS,Away,GSW,"L, 118-129",*,20:14,2.0,5.0,0.4,0.0,0.0,,2.0,5.0,0.4,0.4,3.0,3.0,1.0,2.0,2.0,4.0,4.0,1.0,0.0,0.0,1.0,7.0,9.7,0.0,0,L, 118-129,118,129,0,1,Yes
29.0,241.0,29.0,2023-12-26,WAS,Home,ORL,"L, 119-127",*,23:13,1.0,7.0,0.143,0.0,4.0,0.0,1.0,3.0,0.333,0.143,0.0,0.0,,0.0,5.0,5.0,3.0,3.0,1.0,2.0,1.0,2.0,2.4,-10.0,1,L, 119-127,119,127,0,1,Yes
30.0,242.0,30.0,2023-12-27,WAS,Home,TOR,"L, 102-132",*,24:24:00,5.0,8.0,0.625,1.0,1.0,1.0,4.0,7.0,0.571,0.688,1.0,2.0,0.5,0.0,2.0,2.0,1.0,2.0,0.0,0.0,1.0,12.0,10.9,-12.0,1,L, 102-132,102,132,0,1,Yes
31.0,243.0,31.0,2023-12-29,WAS,Home,BRK,"W, 110-104",*,33:51:00,9.0,18.0,0.5,3.0,5.0,0.6,6.0,13.0,0.462,0.583,0.0,4.0,0.0,2.0,11.0,13.0,6.0,1.0,1.0,1.0,2.0,21.0,19.2,13.0,1,W, 110-104,110,104,1,1,Yes
32.0,244.0,32.0,2023-12-31,WAS,Home,ATL,"L, 126-130",*,31:12:00,5.0,9.0,0.556,2.0,6.0,0.333,3.0,3.0,1.0,0.667,5.0,8.0,0.625,1.0,11.0,12.0,2.0,1.0,1.0,3.0,5.0,17.0,13.6,14.0,1,L, 126-130,126,130,0,1,Yes
33.0,245.0,33.0,2024-01-03,WAS,Away,CLE,"L, 101-140",*,21:28,3.0,11.0,0.273,1.0,3.0,0.333,2.0,8.0,0.25,0.318,0.0,0.0,,2.0,4.0,6.0,4.0,1.0,0.0,3.0,1.0,7.0,3.5,-17.0,0,L, 101-140,101,140,0,1,Yes
34.0,246.0,34.0,2024-01-05,WAS,Away,CLE,"L, 90-114",*,25:52:00,5.0,8.0,0.625,0.0,1.0,0.0,5.0,7.0,0.714,0.625,3.0,4.0,0.75,0.0,5.0,5.0,4.0,2.0,1.0,3.0,4.0,13.0,11.4,-22.0,0,L, 90-114,90,114,0,1,Yes
35.0,247.0,35.0,2024-01-06,WAS,Home,NYK,"L, 105-121",*,33:00:00,9.0,13.0,0.692,2.0,4.0,0.5,7.0,9.0,0.778,0.769,3.0,5.0,0.6,3.0,7.0,10.0,6.0,2.0,0.0,4.0,5.0,23.0,21.1,-7.0,1,L, 105-121,105,121,0,1,Yes
36.0,248.0,36.0,2024-01-08,WAS,Home,OKC,"L, 128-136",*,32:45:00,5.0,8.0,0.625,2.0,3.0,0.667,3.0,5.0,0.6,0.75,5.0,6.0,0.833,0.0,4.0,4.0,4.0,1.0,0.0,4.0,4.0,17.0,12.4,-20.0,1,L, 128-136,128,136,0,1,Yes
37.0,249.0,37.0,2024-01-10,WAS,Away,IND,"L, 104-112",*,24:34:00,4.0,10.0,0.4,1.0,3.0,0.333,3.0,7.0,0.429,0.45,6.0,7.0,0.857,0.0,5.0,5.0,1.0,1.0,0.0,1.0,5.0,15.0,9.4,2.0,0,L, 104-112,104,112,0,1,Yes
38.0,250.0,38.0,2024-01-13,WAS,Away,ATL,"W, 127-99",*,37:07:00,7.0,12.0,0.583,1.0,2.0,0.5,6.0,10.0,0.6,0.625,4.0,5.0,0.8,1.0,13.0,14.0,9.0,1.0,1.0,3.0,5.0,19.0,20.6,11.0,0,W, 127-99,127,99,1,1,Yes
39.0,251.0,39.0,2024-01-15,WAS,Home,DET,"L, 117-129",*,27:33:00,4.0,8.0,0.5,1.0,2.0,0.5,3.0,6.0,0.5,0.563,3.0,4.0,0.75,0.0,2.0,2.0,4.0,0.0,2.0,3.0,1.0,12.0,9.0,-2.0,1,L, 117-129,117,129,0,1,Yes
40.0,252.0,40.0,2024-01-18,WAS,Away,NYK,"L, 109-113",*,26:13:00,5.0,13.0,0.385,0.0,3.0,0.0,5.0,10.0,0.5,0.385,5.0,5.0,1.0,2.0,6.0,8.0,1.0,0.0,0.0,2.0,6.0,15.0,7.4,-16.0,0,L, 109-113,109,113,0,1,Yes
41.0,253.0,41.0,2024-01-20,WAS,Home,SAS,"L, 127-131",*,32:29:00,7.0,11.0,0.636,1.0,3.0,0.333,6.0,8.0,0.75,0.682,1.0,1.0,1.0,0.0,7.0,7.0,4.0,1.0,0.0,1.0,2.0,16.0,15.2,8.0,1,L, 127-131,127,131,0,1,Yes
42.0,254.0,42.0,2024-01-21,WAS,Home,DEN,"L, 104-113",*,18:24,1.0,5.0,0.2,0.0,1.0,0.0,1.0,4.0,0.25,0.2,2.0,4.0,0.5,0.0,8.0,8.0,3.0,0.0,1.0,2.0,1.0,4.0,2.9,-2.0,1,L, 104-113,104,113,0,1,Yes
43.0,255.0,43.0,2024-01-24,WAS,Home,MIN,"L, 107-118",*,37:32:00,7.0,12.0,0.583,4.0,5.0,0.8,3.0,7.0,0.429,0.75,6.0,6.0,1.0,0.0,6.0,6.0,6.0,0.0,0.0,2.0,3.0,24.0,21.2,-16.0,1,L, 107-118,107,118,0,1,Yes
44.0,256.0,44.0,2024-01-25,WAS,Home,UTA,"L, 108-123",*,27:07:00,5.0,9.0,0.556,1.0,1.0,1.0,4.0,8.0,0.5,0.611,2.0,2.0,1.0,0.0,6.0,6.0,5.0,1.0,1.0,3.0,1.0,13.0,12.3,-1.0,1,L, 108-123,108,123,0,1,Yes
45.0,257.0,45.0,2024-01-27,WAS,Away,DET,"W, 118-104",*,23:51,4.0,8.0,0.5,1.0,1.0,1.0,3.0,7.0,0.429,0.563,1.0,2.0,0.5,1.0,4.0,5.0,2.0,0.0,1.0,0.0,3.0,10.0,8.4,18.0,0,W, 118-104,118,104,1,1,Yes
46.0,258.0,46.0,2024-01-29,WAS,Away,SAS,"W, 118-113",*,25:09:00,3.0,6.0,0.5,0.0,0.0,,3.0,6.0,0.5,0.5,3.0,5.0,0.6,2.0,6.0,8.0,5.0,1.0,1.0,3.0,3.0,9.0,9.4,-13.0,0,W, 118-113,118,113,1,1,Yes
47.0,259.0,47.0,2024-01-31,WAS,Home,LAC,"L, 109-125",*,26:20:00,5.0,11.0,0.455,1.0,2.0,0.5,4.0,9.0,0.444,0.5,2.0,3.0,0.667,0.0,5.0,5.0,3.0,1.0,1.0,2.0,2.0,13.0,9.4,-33.0,1,L, 109-125,109,125,0,1,Yes
48.0,260.0,48.0,2024-02-02,WAS,Home,MIA,"L, 102-110",*,34:59:00,6.0,8.0,0.75,1.0,2.0,0.5,5.0,6.0,0.833,0.813,2.0,3.0,0.667,1.0,7.0,8.0,2.0,0.0,0.0,3.0,5.0,15.0,10.6,-1.0,1,L, 102-110,102,110,0,1,Yes
49.0,261.0,49.0,2024-02-04,WAS,Home,PHO,"L, 112-140",*,25:03:00,10.0,13.0,0.769,3.0,5.0,0.6,7.0,8.0,0.875,0.885,1.0,4.0,0.25,1.0,2.0,3.0,1.0,1.0,1.0,5.0,3.0,24.0,15.2,-15.0,1,L, 112-140,112,140,0,1,Yes
50.0,262.0,50.0,2024-02-07,WAS,Home,CLE,"L, 106-114",*,19:59,3.0,10.0,0.3,1.0,3.0,0.333,2.0,7.0,0.286,0.35,2.0,4.0,0.5,2.0,6.0,8.0,3.0,0.0,0.0,2.0,0.0,9.0,5.7,-10.0,1,L, 106-114,106,114,0,1,Yes
51.0,263.0,51.0,2024-02-09,WAS,Away,BOS,"L, 129-133",*,41:47:00,7.0,10.0,0.7,3.0,5.0,0.6,4.0,5.0,0.8,0.85,7.0,8.0,0.875,0.0,11.0,11.0,4.0,2.0,0.0,3.0,5.0,24.0,22.5,12.0,0,L, 129-133,129,133,0,1,Yes
52.0,264.0,52.0,2024-02-10,WAS,Home,PHI,"L, 113-119",*,39:18:00,9.0,14.0,0.643,1.0,4.0,0.25,8.0,10.0,0.8,0.679,2.0,2.0,1.0,0.0,13.0,13.0,5.0,0.0,1.0,5.0,2.0,21.0,17.1,-2.0,1,L, 113-119,113,119,0,1,Yes
53.0,265.0,53.0,2024-02-12,WAS,Away,DAL,"L, 104-112",*,33:56:00,11.0,17.0,0.647,1.0,3.0,0.333,10.0,14.0,0.714,0.676,2.0,6.0,0.333,1.0,6.0,7.0,3.0,0.0,1.0,5.0,3.0,25.0,15.0,1.0,0,L, 104-112,104,112,0,1,Yes
54.0,266.0,54.0,2024-02-14,WAS,Away,NOP,"L, 126-133",*,39:54:00,13.0,24.0,0.542,6.0,10.0,0.6,7.0,14.0,0.5,0.667,11.0,13.0,0.846,5.0,10.0,15.0,3.0,0.0,1.0,3.0,2.0,43.0,36.1,14.0,0,L, 126-133,126,133,0,1,Yes
55.0,267.0,55.0,2024-02-22,WAS,Away,DEN,"L, 110-130",*,27:09:00,2.0,12.0,0.167,1.0,3.0,0.333,1.0,9.0,0.111,0.208,0.0,0.0,,0.0,4.0,4.0,1.0,0.0,0.0,2.0,2.0,5.0,-3.5,-15.0,0,L, 110-130,110,130,0,1,Yes
55.0,,56.0,2024-02-23,WAS,Away,OKC,"L, 106-147",Did Not Play,,,,,,,,,,,,,,,,,,,,,,,,,,0,L, 106-147,106,147,0,0,No
55.0,,57.0,2024-02-25,WAS,Home,CLE,"L, 105-114",Inactive,,,,,,,,,,,,,,,,,,,,,,,,,,1,L, 105-114,105,114,0,0,No
55.0,,58.0,2024-02-27,WAS,Home,GSW,"L, 112-123",Inactive,,,,,,,,,,,,,,,,,,,,,,,,,,1,L, 112-123,112,123,0,0,No
56.0,268.0,59.0,2024-02-29,WAS,Away,LAL,"L, 131-134 (OT)",*,43:17:00,5.0,10.0,0.5,3.0,5.0,0.6,2.0,5.0,0.4,0.65,2.0,2.0,1.0,2.0,13.0,15.0,5.0,1.0,0.0,2.0,3.0,15.0,16.6,-11.0,0,L, 131-134 (OT),131,134 (OT),0,1,Yes
57.0,269.0,60.0,2024-03-01,WAS,Away,LAC,"L, 115-140",*,26:21:00,4.0,11.0,0.364,2.0,4.0,0.5,2.0,7.0,0.286,0.455,4.0,5.0,0.8,0.0,5.0,5.0,5.0,0.0,0.0,2.0,2.0,14.0,9.7,-15.0,0,L, 115-140,115,140,0,1,Yes
58.0,270.0,61.0,2024-03-04,WAS,Away,UTA,"L, 115-127",*,35:03:00,6.0,18.0,0.333,0.0,4.0,0.0,6.0,14.0,0.429,0.333,4.0,4.0,1.0,5.0,6.0,11.0,2.0,1.0,0.0,5.0,2.0,16.0,7.7,-2.0,0,L, 115-127,115,127,0,1,Yes
59.0,271.0,62.0,2024-03-06,WAS,Home,ORL,"L, 109-119",*,35:34:00,6.0,13.0,0.462,1.0,4.0,0.25,5.0,9.0,0.556,0.5,1.0,2.0,0.5,2.0,5.0,7.0,3.0,2.0,0.0,0.0,3.0,14.0,12.7,-12.0,1,L, 109-119,109,119,0,1,Yes
60.0,272.0,63.0,2024-03-08,WAS,Home,CHO,"W, 112-100",*,35:03:00,8.0,14.0,0.571,1.0,2.0,0.5,7.0,12.0,0.583,0.607,1.0,3.0,0.333,3.0,11.0,14.0,2.0,0.0,2.0,1.0,2.0,18.0,17.0,9.0,1,W, 112-100,112,100,1,1,Yes
61.0,273.0,64.0,2024-03-10,WAS,Away,MIA,"W, 110-108",*,35:29:00,7.0,14.0,0.5,1.0,4.0,0.25,6.0,10.0,0.6,0.536,1.0,1.0,1.0,2.0,8.0,10.0,2.0,1.0,1.0,2.0,5.0,16.0,11.9,9.0,0,W, 110-108,110,108,1,1,Yes
62.0,274.0,65.0,2024-03-12,WAS,Away,MEM,"L, 97-109",*,35:43:00,6.0,10.0,0.6,0.0,3.0,0.0,6.0,7.0,0.857,0.6,4.0,7.0,0.571,1.0,3.0,4.0,1.0,0.0,0.0,3.0,3.0,16.0,8.3,-13.0,0,L, 97-109,97,109,0,1,Yes
63.0,275.0,66.0,2024-03-14,WAS,Away,HOU,"L, 119-135",*,36:02:00,10.0,13.0,0.769,0.0,1.0,0.0,10.0,12.0,0.833,0.769,4.0,5.0,0.8,2.0,7.0,9.0,5.0,3.0,0.0,2.0,0.0,24.0,26.5,-9.0,0,L, 119-135,119,135,0,1,Yes
63.0,,67.0,2024-03-16,WAS,Away,CHI,"L, 98-127",Did Not Play,,,,,,,,,,,,,,,,,,,,,,,,,,0,L, 98-127,98,127,0,0,No
63.0,,68.0,2024-03-17,WAS,Home,BOS,"L, 104-130",Inactive,,,,,,,,,,,,,,,,,,,,,,,,,,1,L, 104-130,104,130,0,0,No
63.0,,69.0,2024-03-19,WAS,Home,HOU,"L, 114-137",Did Not Play,,,,,,,,,,,,,,,,,,,,,,,,,,1,L, 114-137,114,137,0,0,No
64.0,276.0,70.0,2024-03-21,WAS,Home,SAC,"W, 109-102",*,31:59:00,7.0,14.0,0.5,2.0,3.0,0.667,5.0,11.0,0.455,0.571,1.0,3.0,0.333,0.0,9.0,9.0,5.0,0.0,0.0,3.0,3.0,17.0,11.2,-3.0,1,W, 109-102,109,102,1,1,Yes
65.0,277.0,71.0,2024-03-23,WAS,Home,TOR,"W, 112-109",*,35:49:00,8.0,19.0,0.421,3.0,8.0,0.375,5.0,11.0,0.455,0.5,3.0,6.0,0.5,3.0,10.0,13.0,5.0,1.0,0.0,1.0,2.0,22.0,18.5,0.0,1,W, 112-109,112,109,1,1,Yes
65.0,,72.0,2024-03-25,WAS,Away,CHI,"W, 107-105",Did Not Play,,,,,,,,,,,,,,,,,,,,,,,,,,0,W, 107-105,107,105,1,0,No
66.0,278.0,73.0,2024-03-27,WAS,Home,BRK,"L, 119-122 (OT)",*,37:49:00,5.0,10.0,0.5,1.0,3.0,0.333,4.0,7.0,0.571,0.55,6.0,8.0,0.75,2.0,10.0,12.0,3.0,1.0,0.0,2.0,2.0,17.0,15.9,-3.0,1,L, 119-122 (OT),119,122 (OT),0,1,Yes
67.0,279.0,74.0,2024-03-29,WAS,Home,DET,"L, 87-96",*,38:45:00,6.0,14.0,0.429,2.0,6.0,0.333,4.0,8.0,0.5,0.5,4.0,4.0,1.0,2.0,9.0,11.0,9.0,0.0,0.0,5.0,2.0,18.0,15.2,0.0,1,L, 87-96,87,96,0,1,Yes
68.0,280.0,75.0,2024-03-31,WAS,Home,MIA,"L, 107-119",*,38:16:00,5.0,12.0,0.417,1.0,3.0,0.333,4.0,9.0,0.444,0.458,4.0,4.0,1.0,0.0,9.0,9.0,6.0,1.0,1.0,3.0,1.0,15.0,13.8,-16.0,1,L, 107-119,107,119,0,1,Yes
69.0,281.0,76.0,2024-04-02,WAS,Home,MIL,"W, 117-113",*,38:49:00,10.0,17.0,0.588,0.0,5.0,0.0,10.0,12.0,0.833,0.588,3.0,4.0,0.75,1.0,7.0,8.0,5.0,1.0,1.0,3.0,4.0,23.0,18.1,9.0,1,W, 117-113,117,113,1,1,Yes
70.0,282.0,77.0,2024-04-03,WAS,Home,LAL,"L, 120-125",*,21:36,2.0,5.0,0.4,1.0,2.0,0.5,1.0,3.0,0.333,0.5,2.0,3.0,0.667,1.0,1.0,2.0,2.0,1.0,0.0,2.0,0.0,7.0,5.3,5.0,1,L, 120-125,120,125,0,1,Yes
71.0,283.0,78.0,2024-04-05,WAS,Home,POR,"L, 102-108",*,38:30:00,7.0,12.0,0.583,0.0,2.0,0.0,7.0,10.0,0.7,0.583,8.0,8.0,1.0,1.0,11.0,12.0,0.0,1.0,2.0,2.0,2.0,22.0,20.0,4.0,1,L, 102-108,102,108,0,1,Yes
72.0,284.0,79.0,2024-04-07,WAS,Away,TOR,"L, 122-130",*,41:14:00,11.0,19.0,0.579,2.0,6.0,0.333,9.0,13.0,0.692,0.632,8.0,12.0,0.667,1.0,9.0,10.0,5.0,2.0,3.0,4.0,3.0,32.0,27.3,1.0,0,L, 122-130,122,130,0,1,Yes
73.0,285.0,80.0,2024-04-09,WAS,Away,MIN,"L, 121-130",*,35:00:00,4.0,12.0,0.333,3.0,5.0,0.6,1.0,7.0,0.143,0.458,4.0,5.0,0.8,0.0,6.0,6.0,5.0,0.0,1.0,2.0,4.0,15.0,10.2,3.0,0,L, 121-130,121,130,0,1,Yes
74.0,286.0,81.0,2024-04-12,WAS,Home,CHI,"L, 127-129",*,37:37:00,9.0,15.0,0.6,1.0,4.0,0.25,8.0,11.0,0.727,0.633,5.0,8.0,0.625,0.0,12.0,12.0,8.0,0.0,0.0,4.0,3.0,24.0,19.9,5.0,1,L, 127-129,127,129,0,1,Yes
75.0,287.0,82.0,2024-04-14,WAS,Away,BOS,"L, 122-132",*,30:43:00,3.0,11.0,0.273,1.0,5.0,0.2,2.0,6.0,0.333,0.318,2.0,2.0,1.0,0.0,3.0,3.0,2.0,0.0,1.0,1.0,1.0,9.0,4.1,-14.0,0,L, 122-132,122,132,0,1,Yes
1.0,288.0,1.0,2024-10-23,POR,Home,GSW,"L, 104-140",*,27:29:00,4.0,10.0,0.4,0.0,3.0,0.0,4.0,7.0,0.571,0.4,7.0,8.0,0.875,2.0,5.0,7.0,2.0,2.0,2.0,4.0,2.0,15.0,12.1,-13.0,1,L, 104-140,104,140,0,1,Yes
2.0,289.0,2.0,2024-10-25,POR,Home,NOP,"L, 103-105",*,30:54:00,1.0,9.0,0.111,0.0,3.0,0.0,1.0,6.0,0.167,0.111,0.0,0.0,,1.0,5.0,6.0,6.0,1.0,2.0,2.0,1.0,2.0,2.5,2.0,1,L, 103-105,103,105,0,1,Yes
3.0,290.0,3.0,2024-10-27,POR,Home,NOP,"W, 125-103",*,29:56:00,4.0,12.0,0.333,1.0,5.0,0.2,3.0,7.0,0.429,0.375,2.0,2.0,1.0,3.0,3.0,6.0,3.0,1.0,0.0,1.0,3.0,11.0,8.1,21.0,1,W, 125-103,125,103,1,1,Yes
4.0,291.0,4.0,2024-10-28,POR,Away,SAC,"L, 98-111",*,24:59:00,2.0,7.0,0.286,0.0,4.0,0.0,2.0,3.0,0.667,0.286,5.0,6.0,0.833,0.0,4.0,4.0,1.0,2.0,0.0,2.0,2.0,9.0,5.6,-21.0,0,L, 98-111,98,111,0,1,Yes
5.0,292.0,5.0,2024-10-30,POR,Away,LAC,"W, 106-105",*,29:02:00,3.0,8.0,0.375,1.0,3.0,0.333,2.0,5.0,0.4,0.438,6.0,6.0,1.0,0.0,10.0,10.0,2.0,1.0,2.0,2.0,2.0,13.0,12.6,-4.0,0,W, 106-105,106,105,1,1,Yes
6.0,293.0,6.0,2024-11-01,POR,Home,OKC,"L, 114-137",*,23:00,5.0,10.0,0.5,1.0,3.0,0.333,4.0,7.0,0.571,0.55,0.0,1.0,0.0,1.0,2.0,3.0,4.0,1.0,0.0,6.0,2.0,11.0,3.9,-11.0,1,L, 114-137,114,137,0,1,Yes
7.0,294.0,7.0,2024-11-02,POR,Away,PHO,"L, 97-103",*,32:19:00,4.0,12.0,0.333,2.0,5.0,0.4,2.0,7.0,0.286,0.417,3.0,3.0,1.0,2.0,4.0,6.0,2.0,2.0,2.0,1.0,2.0,13.0,11.8,12.0,0,L, 97-103,97,103,0,1,Yes
8.0,295.0,8.0,2024-11-04,POR,Away,NOP,"W, 118-100",*,20:45,2.0,5.0,0.4,0.0,1.0,0.0,2.0,4.0,0.5,0.4,3.0,4.0,0.75,2.0,4.0,6.0,3.0,0.0,0.0,0.0,2.0,7.0,7.8,-7.0,0,W, 118-100,118,100,1,1,Yes
9.0,296.0,9.0,2024-11-07,POR,Away,SAS,"L, 105-118",*,24:48:00,3.0,5.0,0.6,1.0,3.0,0.333,2.0,2.0,1.0,0.7,2.0,5.0,0.4,2.0,5.0,7.0,5.0,0.0,0.0,1.0,0.0,9.0,10.9,-4.0,0,L, 105-118,105,118,0,1,Yes
10.0,297.0,10.0,2024-11-08,POR,Away,MIN,"L, 102-127",*,23:27,4.0,9.0,0.444,0.0,2.0,0.0,4.0,7.0,0.571,0.444,1.0,3.0,0.333,1.0,4.0,5.0,1.0,1.0,0.0,1.0,2.0,9.0,5.3,-26.0,0,L, 102-127,102,127,0,1,Yes
11.0,298.0,11.0,2024-11-10,POR,Home,MEM,"L, 89-134",,13:26,0.0,5.0,0.0,0.0,3.0,0.0,0.0,2.0,0.0,0.0,0.0,0.0,,1.0,1.0,2.0,4.0,0.0,1.0,2.0,1.0,0.0,-1.4,-14.0,1,L, 89-134,89,134,0,0,No
12.0,299.0,12.0,2024-11-12,POR,Home,MIN,"W, 122-108",,25:15:00,4.0,10.0,0.4,3.0,6.0,0.5,1.0,4.0,0.25,0.55,6.0,6.0,1.0,0.0,4.0,4.0,5.0,1.0,1.0,1.0,2.0,17.0,16.2,5.0,1,W, 122-108,122,108,1,0,No
13.0,300.0,13.0,2024-11-13,POR,Home,MIN,"W, 106-98",,18:24,1.0,5.0,0.2,1.0,2.0,0.5,0.0,3.0,0.0,0.3,4.0,4.0,1.0,0.0,6.0,6.0,1.0,1.0,0.0,3.0,2.0,7.0,3.6,15.0,1,W, 106-98,106,98,1,0,No
14.0,301.0,14.0,2024-11-17,POR,Home,ATL,"W, 114-110",,25:17:00,4.0,8.0,0.5,2.0,4.0,0.5,2.0,4.0,0.5,0.625,2.0,2.0,1.0,3.0,5.0,8.0,4.0,2.0,1.0,1.0,1.0,12.0,15.7,1.0,1,W, 114-110,114,110,1,0,No
15.0,302.0,15.0,2024-11-20,POR,Away,OKC,"L, 99-109",,23:39,4.0,10.0,0.4,1.0,3.0,0.333,3.0,7.0,0.429,0.45,4.0,7.0,0.571,2.0,4.0,6.0,1.0,1.0,1.0,1.0,2.0,13.0,9.6,-14.0,0,L, 99-109,99,109,0,0,No
16.0,303.0,16.0,2024-11-22,POR,Away,HOU,"L, 88-116",,23:26,4.0,9.0,0.444,1.0,3.0,0.333,3.0,6.0,0.5,0.5,4.0,5.0,0.8,1.0,5.0,6.0,1.0,0.0,0.0,4.0,3.0,13.0,5.6,-16.0,0,L, 88-116,88,116,0,0,No
17.0,304.0,17.0,2024-11-23,POR,Away,HOU,"W, 104-98",,33:23:00,4.0,8.0,0.5,2.0,3.0,0.667,2.0,5.0,0.4,0.625,4.0,6.0,0.667,2.0,8.0,10.0,2.0,1.0,4.0,3.0,1.0,14.0,14.8,-2.0,0,W, 104-98,104,98,1,0,No
18.0,305.0,18.0,2024-11-25,POR,Away,MEM,"L, 98-123",,31:54:00,7.0,16.0,0.438,2.0,7.0,0.286,5.0,9.0,0.556,0.5,1.0,2.0,0.5,1.0,7.0,8.0,6.0,1.0,1.0,3.0,4.0,17.0,12.3,-11.0,0,L, 98-123,98,123,0,0,No
19.0,306.0,19.0,2024-11-27,POR,Away,IND,"L, 114-121",*,41:09:00,6.0,12.0,0.5,2.0,5.0,0.4,4.0,7.0,0.571,0.583,2.0,2.0,1.0,1.0,4.0,5.0,7.0,2.0,0.0,2.0,3.0,16.0,15.6,-4.0,0,L, 114-121,114,121,0,1,Yes
20.0,307.0,20.0,2024-11-29,POR,Home,SAC,"W, 115-106",*,36:40:00,7.0,15.0,0.467,4.0,9.0,0.444,3.0,6.0,0.5,0.6,2.0,2.0,1.0,1.0,8.0,9.0,5.0,2.0,1.0,0.0,3.0,20.0,20.4,12.0,1,W, 115-106,115,106,1,1,Yes
21.0,308.0,21.0,2024-12-01,POR,Home,DAL,"L, 131-137",,28:43:00,7.0,12.0,0.583,2.0,4.0,0.5,5.0,8.0,0.625,0.667,5.0,5.0,1.0,0.0,4.0,4.0,2.0,1.0,0.0,4.0,3.0,21.0,13.8,-16.0,1,L, 131-137,131,137,0,0,No
22.0,309.0,22.0,2024-12-03,POR,Away,LAC,"L, 105-127",,22:56,6.0,9.0,0.667,3.0,3.0,1.0,3.0,6.0,0.5,0.833,0.0,0.0,,2.0,1.0,3.0,3.0,1.0,0.0,2.0,3.0,15.0,12.7,-10.0,0,L, 105-127,105,127,0,0,No
23.0,310.0,23.0,2024-12-06,POR,Home,UTA,"L, 99-141",,23:39,2.0,9.0,0.222,1.0,5.0,0.2,1.0,4.0,0.25,0.278,1.0,2.0,0.5,1.0,4.0,5.0,2.0,0.0,1.0,1.0,2.0,6.0,2.3,-14.0,1,L, 99-141,99,141,0,0,No
24.0,311.0,24.0,2024-12-08,POR,Away,LAL,"L, 98-107",,23:17,4.0,7.0,0.571,2.0,3.0,0.667,2.0,4.0,0.5,0.714,3.0,4.0,0.75,1.0,3.0,4.0,2.0,0.0,0.0,1.0,3.0,13.0,10.1,-12.0,0,L, 98-107,98,107,0,0,No
25.0,312.0,25.0,2024-12-13,POR,Home,SAS,"L, 116-118",,26:14:00,7.0,11.0,0.636,1.0,3.0,0.333,6.0,8.0,0.75,0.682,4.0,4.0,1.0,3.0,2.0,5.0,4.0,1.0,0.0,2.0,0.0,19.0,18.6,-8.0,1,L, 116-118,116,118,0,0,No
26.0,313.0,26.0,2024-12-15,POR,Away,PHO,"L, 109-116",,27:57:00,6.0,9.0,0.667,3.0,5.0,0.6,3.0,4.0,0.75,0.833,2.0,4.0,0.5,0.0,7.0,7.0,3.0,0.0,0.0,4.0,1.0,17.0,12.1,-9.0,0,L, 109-116,109,116,0,0,No
27.0,314.0,27.0,2024-12-19,POR,Home,DEN,"W, 126-124",,21:03,6.0,9.0,0.667,3.0,6.0,0.5,3.0,3.0,1.0,0.833,4.0,4.0,1.0,0.0,2.0,2.0,1.0,0.0,1.0,1.0,3.0,19.0,14.9,-7.0,1,W, 126-124,126,124,1,0,No
28.0,315.0,28.0,2024-12-21,POR,Away,SAS,"L, 94-114",,26:54:00,2.0,12.0,0.167,1.0,7.0,0.143,1.0,5.0,0.2,0.208,2.0,2.0,1.0,2.0,4.0,6.0,4.0,2.0,0.0,3.0,2.0,7.0,3.0,-10.0,0,L, 94-114,94,114,0,0,No
29.0,316.0,29.0,2024-12-23,POR,Away,DAL,"L, 108-132",,22:57,6.0,11.0,0.545,2.0,4.0,0.5,4.0,7.0,0.571,0.636,5.0,8.0,0.625,4.0,2.0,6.0,3.0,0.0,1.0,2.0,4.0,19.0,15.1,-14.0,0,L, 108-132,108,132,0,0,No
30.0,317.0,30.0,2024-12-26,POR,Home,UTA,"W, 122-120",,30:57:00,9.0,13.0,0.692,2.0,4.0,0.5,7.0,9.0,0.778,0.769,7.0,10.0,0.7,0.0,8.0,8.0,6.0,1.0,1.0,2.0,4.0,27.0,25.0,11.0,1,W, 122-120,122,120,1,0,No
31.0,318.0,31.0,2024-12-28,POR,Home,DAL,"W, 126-122",*,31:26:00,6.0,13.0,0.462,0.0,2.0,0.0,6.0,11.0,0.545,0.462,9.0,11.0,0.818,2.0,3.0,5.0,5.0,0.0,0.0,2.0,3.0,21.0,16.1,-8.0,1,W, 126-122,126,122,1,1,Yes
32.0,319.0,32.0,2024-12-30,POR,Home,PHI,"L, 103-125",*,32:56:00,5.0,9.0,0.556,2.0,5.0,0.4,3.0,4.0,0.75,0.667,5.0,5.0,1.0,2.0,5.0,7.0,2.0,1.0,0.0,10.0,3.0,17.0,6.8,-21.0,1,L, 103-125,103,125,0,1,Yes
33.0,320.0,33.0,2025-01-02,POR,Away,LAL,"L, 106-114",*,35:59:00,8.0,14.0,0.571,1.0,3.0,0.333,7.0,11.0,0.636,0.607,2.0,2.0,1.0,0.0,10.0,10.0,4.0,1.0,0.0,2.0,1.0,19.0,16.8,5.0,0,L, 106-114,106,114,0,1,Yes
34.0,321.0,34.0,2025-01-04,POR,Away,MIL,"W, 105-102",*,42:35:00,7.0,14.0,0.5,3.0,8.0,0.375,4.0,6.0,0.667,0.607,2.0,2.0,1.0,0.0,14.0,14.0,4.0,3.0,0.0,7.0,3.0,19.0,13.8,6.0,0,W, 105-102,105,102,1,1,Yes
35.0,322.0,35.0,2025-01-06,POR,Away,DET,"L, 115-118",*,29:27:00,6.0,13.0,0.462,1.0,5.0,0.2,5.0,8.0,0.625,0.5,1.0,1.0,1.0,1.0,3.0,4.0,3.0,1.0,0.0,1.0,3.0,14.0,9.8,8.0,0,L, 115-118,115,118,0,1,Yes
36.0,323.0,36.0,2025-01-08,POR,Away,NOP,"W, 119-100",*,27:04:00,10.0,15.0,0.667,4.0,7.0,0.571,6.0,8.0,0.75,0.8,2.0,4.0,0.5,3.0,3.0,6.0,2.0,1.0,1.0,3.0,2.0,26.0,21.0,24.0,0,W, 119-100,119,100,1,1,Yes
37.0,324.0,37.0,2025-01-09,POR,Away,DAL,"L, 111-117",*,33:55:00,4.0,12.0,0.333,1.0,5.0,0.2,3.0,7.0,0.429,0.375,0.0,2.0,0.0,1.0,7.0,8.0,4.0,0.0,0.0,1.0,2.0,9.0,5.2,-13.0,0,L, 111-117,111,117,0,1,Yes
38.0,325.0,38.0,2025-01-11,POR,Home,MIA,"L, 98-119",*,37:19:00,5.0,14.0,0.357,1.0,4.0,0.25,4.0,10.0,0.4,0.393,4.0,4.0,1.0,1.0,11.0,12.0,5.0,2.0,1.0,3.0,1.0,15.0,14.0,-16.0,1,L, 98-119,98,119,0,1,Yes
38.0,,39.0,2025-01-14,POR,Home,BRK,"L, 114-132",Did Not Dress,,,,,,,,,,,,,,,,,,,,,,,,,,1,L, 114-132,114,132,0,0,No
38.0,,40.0,2025-01-16,POR,Home,LAC,"L, 89-118",Did Not Dress,,,,,,,,,,,,,,,,,,,,,,,,,,1,L, 89-118,89,118,0,0,No
38.0,,41.0,2025-01-18,POR,Home,HOU,"L, 103-125",Inactive,,,,,,,,,,,,,,,,,,,,,,,,,,1,L, 103-125,103,125,0,0,No
39.0,326.0,42.0,2025-01-19,POR,Home,CHI,"W, 113-102",*,35:13:00,9.0,16.0,0.563,1.0,4.0,0.25,8.0,12.0,0.667,0.594,1.0,1.0,1.0,2.0,10.0,12.0,3.0,3.0,0.0,4.0,2.0,20.0,17.1,8.0,1,W, 113-102,113,102,1,1,Yes
40.0,327.0,43.0,2025-01-21,POR,Away,MIA,"W, 116-107",*,38:52:00,5.0,11.0,0.455,1.0,6.0,0.167,4.0,5.0,0.8,0.5,5.0,10.0,0.5,1.0,9.0,10.0,5.0,2.0,0.0,1.0,1.0,16.0,15.8,4.0,0,W, 116-107,116,107,1,1,Yes
41.0,328.0,44.0,2025-01-23,POR,Away,ORL,"W, 101-79",*,25:41:00,5.0,11.0,0.455,0.0,4.0,0.0,5.0,7.0,0.714,0.455,3.0,6.0,0.5,0.0,5.0,5.0,5.0,0.0,0.0,0.0,3.0,13.0,9.9,15.0,0,W, 101-79,101,79,1,1,Yes
42.0,329.0,45.0,2025-01-24,POR,Away,CHO,"W, 102-97",*,33:44:00,3.0,6.0,0.5,1.0,3.0,0.333,2.0,3.0,0.667,0.583,11.0,14.0,0.786,0.0,5.0,5.0,4.0,4.0,0.0,5.0,2.0,18.0,16.3,2.0,0,W, 102-97,102,97,1,1,Yes
43.0,330.0,46.0,2025-01-26,POR,Home,OKC,"L, 108-118",*,38:09:00,9.0,16.0,0.563,4.0,9.0,0.444,5.0,7.0,0.714,0.688,6.0,6.0,1.0,3.0,5.0,8.0,8.0,1.0,1.0,4.0,3.0,28.0,26.1,4.0,1,L, 108-118,108,118,0,1,Yes
44.0,331.0,47.0,2025-01-28,POR,Home,MIL,"W, 125-112",*,37:55:00,10.0,18.0,0.556,3.0,7.0,0.429,7.0,11.0,0.636,0.639,7.0,9.0,0.778,3.0,6.0,9.0,2.0,2.0,0.0,5.0,4.0,30.0,21.3,7.0,1,W, 125-112,125,112,1,1,Yes
45.0,332.0,48.0,2025-01-30,POR,Home,ORL,"W, 119-90",*,24:37:00,2.0,8.0,0.25,0.0,2.0,0.0,2.0,6.0,0.333,0.25,7.0,8.0,0.875,0.0,5.0,5.0,5.0,0.0,2.0,1.0,1.0,11.0,10.8,16.0,1,W, 119-90,119,90,1,1,Yes
46.0,333.0,49.0,2025-02-01,POR,Home,PHO,"W, 127-108",*,21:52,3.0,7.0,0.429,1.0,4.0,0.25,2.0,3.0,0.667,0.5,3.0,3.0,1.0,0.0,5.0,5.0,3.0,0.0,0.0,0.0,4.0,10.0,8.3,0.0,1,W, 127-108,127,108,1,1,Yes
47.0,334.0,50.0,2025-02-03,POR,Home,PHO,"W, 121-119 (OT)",*,43:30:00,8.0,12.0,0.667,3.0,6.0,0.5,5.0,6.0,0.833,0.792,5.0,5.0,1.0,0.0,8.0,8.0,5.0,1.0,0.0,4.0,6.0,24.0,19.3,12.0,1,W, 121-119 (OT),121,119 (OT),1,1,Yes
48.0,335.0,51.0,2025-02-04,POR,Home,IND,"W, 112-89",*,23:20,2.0,9.0,0.222,1.0,6.0,0.167,1.0,3.0,0.333,0.278,1.0,2.0,0.5,1.0,3.0,4.0,1.0,0.0,0.0,5.0,0.0,6.0,-2.6,4.0,1,W, 112-89,112,89,1,1,Yes
49.0,336.0,52.0,2025-02-06,POR,Home,SAC,"W, 108-102",*,17:42,3.0,6.0,0.5,2.0,4.0,0.5,1.0,2.0,0.5,0.667,1.0,2.0,0.5,0.0,4.0,4.0,0.0,0.0,0.0,2.0,2.0,9.0,4.0,-6.0,1,W, 108-102,108,102,1,1,Yes
50.0,337.0,53.0,2025-02-08,POR,Away,MIN,"L, 98-114",*,22:39,1.0,8.0,0.125,0.0,4.0,0.0,1.0,4.0,0.25,0.125,6.0,6.0,1.0,0.0,3.0,3.0,4.0,1.0,1.0,3.0,4.0,8.0,3.6,-2.0,0,L, 98-114,98,114,0,1,Yes
51.0,338.0,54.0,2025-02-10,POR,Away,DEN,"L, 117-146",*,33:43:00,5.0,12.0,0.417,2.0,4.0,0.5,3.0,8.0,0.375,0.5,4.0,6.0,0.667,2.0,4.0,6.0,8.0,1.0,0.0,2.0,4.0,16.0,14.4,-25.0,0,L, 117-146,117,146,0,1,Yes
52.0,339.0,55.0,2025-02-12,POR,Away,DEN,"L, 121-132",*,28:06:00,5.0,12.0,0.417,1.0,4.0,0.25,4.0,8.0,0.5,0.458,3.0,4.0,0.75,1.0,4.0,5.0,1.0,0.0,0.0,1.0,1.0,14.0,8.4,-15.0,0,L, 121-132,121,132,0,1,Yes
53.0,340.0,56.0,2025-02-20,POR,Home,LAL,"L, 102-110",*,33:47:00,9.0,14.0,0.643,2.0,3.0,0.667,7.0,11.0,0.636,0.714,8.0,10.0,0.8,0.0,4.0,4.0,5.0,2.0,0.0,2.0,5.0,28.0,23.7,1.0,1,L, 102-110,102,110,0,1,Yes
54.0,341.0,57.0,2025-02-22,POR,Home,CHO,"W, 141-88",*,23:14,6.0,10.0,0.6,1.0,4.0,0.25,5.0,6.0,0.833,0.65,2.0,5.0,0.4,1.0,3.0,4.0,4.0,1.0,0.0,2.0,2.0,15.0,11.8,26.0,1,W, 141-88,141,88,1,1,Yes
55.0,342.0,58.0,2025-02-24,POR,Away,UTA,"W, 114-112",*,35:35:00,5.0,15.0,0.333,1.0,5.0,0.2,4.0,10.0,0.4,0.367,7.0,11.0,0.636,5.0,9.0,14.0,5.0,0.0,0.0,1.0,5.0,18.0,14.6,19.0,0,W, 114-112,114,112,1,1,Yes
56.0,343.0,59.0,2025-02-26,POR,Away,WAS,"W, 129-121",*,5:42,2.0,4.0,0.5,0.0,1.0,0.0,2.0,3.0,0.667,0.5,1.0,2.0,0.5,1.0,1.0,2.0,1.0,0.0,0.0,2.0,1.0,5.0,1.9,-1.0,0,W, 129-121,129,121,1,1,Yes
56.0,,60.0,2025-02-28,POR,Away,BRK,"W, 121-102",Did Not Dress,,,,,,,,,,,,,,,,,,,,,,,,,,0,W, 121-102,121,102,1,0,No
57.0,344.0,61.0,2025-03-02,POR,Away,CLE,"L, 129-133 (OT)",*,42:06:00,8.0,13.0,0.615,1.0,3.0,0.333,7.0,10.0,0.7,0.654,13.0,13.0,1.0,1.0,11.0,12.0,10.0,0.0,0.0,5.0,4.0,30.0,28.5,7.0,0,L, 129-133 (OT),129,133 (OT),0,1,Yes
58.0,345.0,62.0,2025-03-03,POR,Away,PHI,"W, 119-102",*,32:40:00,3.0,14.0,0.214,0.0,4.0,0.0,3.0,10.0,0.3,0.214,3.0,6.0,0.5,1.0,5.0,6.0,4.0,0.0,0.0,2.0,3.0,9.0,1.0,5.0,0,W, 119-102,119,102,1,1,Yes
59.0,346.0,63.0,2025-03-05,POR,Away,BOS,"L, 118-128",*,23:03,5.0,10.0,0.5,1.0,3.0,0.333,4.0,7.0,0.571,0.55,1.0,2.0,0.5,3.0,3.0,6.0,2.0,0.0,2.0,2.0,1.0,12.0,10.0,-21.0,0,L, 118-128,118,128,0,1,Yes
59.0,,64.0,2025-03-07,POR,Away,OKC,"L, 89-107",Did Not Dress,,,,,,,,,,,,,,,,,,,,,,,,,,0,L, 89-107,89,107,0,0,No
59.0,,65.0,2025-03-09,POR,Home,DET,"L, 112-119",Did Not Dress,,,,,,,,,,,,,,,,,,,,,,,,,,1,L, 112-119,112,119,0,0,No
60.0,347.0,66.0,2025-03-10,POR,Away,GSW,"L, 120-130",*,40:36:00,11.0,15.0,0.733,5.0,7.0,0.714,6.0,8.0,0.75,0.9,7.0,7.0,1.0,1.0,15.0,16.0,6.0,2.0,0.0,6.0,2.0,34.0,32.5,-3.0,0,L, 120-130,120,130,0,1,Yes
61.0,348.0,67.0,2025-03-12,POR,Home,NYK,"L, 113-114 (OT)",*,40:50:00,8.0,18.0,0.444,4.0,8.0,0.5,4.0,10.0,0.4,0.556,7.0,11.0,0.636,5.0,10.0,15.0,5.0,0.0,0.0,7.0,1.0,27.0,18.6,-2.0,1,L, 113-114 (OT),113,114 (OT),0,1,Yes
62.0,349.0,68.0,2025-03-16,POR,Home,TOR,"W, 105-102",*,33:40:00,4.0,8.0,0.5,3.0,6.0,0.5,1.0,2.0,0.5,0.688,8.0,9.0,0.889,1.0,5.0,6.0,6.0,1.0,0.0,3.0,2.0,19.0,18.2,-2.0,1,W, 105-102,105,102,1,1,Yes
63.0,350.0,69.0,2025-03-17,POR,Home,WAS,"W, 112-97",*,27:18:00,5.0,11.0,0.455,3.0,7.0,0.429,2.0,4.0,0.5,0.591,2.0,2.0,1.0,0.0,6.0,6.0,2.0,0.0,0.0,2.0,1.0,15.0,10.1,2.0,1,W, 112-97,112,97,1,1,Yes
64.0,351.0,70.0,2025-03-19,POR,Home,MEM,"W, 115-99",*,38:45:00,9.0,18.0,0.5,5.0,8.0,0.625,4.0,10.0,0.4,0.639,8.0,9.0,0.889,3.0,13.0,16.0,8.0,0.0,2.0,4.0,3.0,31.0,29.4,27.0,1,W, 115-99,115,99,1,1,Yes
65.0,352.0,71.0,2025-03-21,POR,Home,DEN,"W, 128-109",*,38:17:00,12.0,16.0,0.75,4.0,6.0,0.667,8.0,10.0,0.8,0.875,8.0,9.0,0.889,2.0,6.0,8.0,7.0,3.0,1.0,5.0,2.0,36.0,35.2,27.0,1,W, 128-109,128,109,1,1,Yes
66.0,353.0,72.0,2025-03-23,POR,Home,BOS,"L, 116-129",*,38:30:00,6.0,16.0,0.375,2.0,6.0,0.333,4.0,10.0,0.4,0.438,3.0,3.0,1.0,1.0,10.0,11.0,4.0,1.0,0.0,1.0,2.0,17.0,13.9,-5.0,1,L, 116-129,116,129,0,1,Yes
67.0,354.0,73.0,2025-03-25,POR,Home,CLE,"L, 111-122",*,37:44:00,6.0,17.0,0.353,3.0,9.0,0.333,3.0,8.0,0.375,0.441,2.0,6.0,0.333,3.0,7.0,10.0,6.0,1.0,0.0,3.0,2.0,17.0,11.5,-3.0,1,L, 111-122,111,122,0,1,Yes
68.0,355.0,74.0,2025-03-27,POR,Away,SAC,"L, 107-128",*,32:13:00,7.0,11.0,0.636,4.0,7.0,0.571,3.0,4.0,0.75,0.818,6.0,7.0,0.857,2.0,7.0,9.0,3.0,1.0,0.0,3.0,4.0,24.0,20.7,-18.0,0,L, 107-128,107,128,0,1,Yes
69.0,356.0,75.0,2025-03-30,POR,Away,NYK,"L, 93-110",*,40:34:00,14.0,25.0,0.56,2.0,7.0,0.286,12.0,18.0,0.667,0.6,3.0,4.0,0.75,0.0,7.0,7.0,4.0,3.0,0.0,3.0,3.0,33.0,24.4,2.0,0,L, 93-110,93,110,0,1,Yes
70.0,357.0,76.0,2025-04-01,POR,Away,ATL,"W, 127-113",*,38:03:00,11.0,21.0,0.524,3.0,8.0,0.375,8.0,13.0,0.615,0.595,7.0,8.0,0.875,5.0,10.0,15.0,10.0,2.0,0.0,7.0,3.0,32.0,28.6,22.0,0,W, 127-113,127,113,1,1,Yes
71.0,358.0,77.0,2025-04-03,POR,Away,TOR,"W, 112-103",*,33:29:00,10.0,20.0,0.5,2.0,6.0,0.333,8.0,14.0,0.571,0.55,4.0,4.0,1.0,7.0,8.0,15.0,6.0,2.0,2.0,7.0,2.0,26.0,23.1,2.0,0,W, 112-103,112,103,1,1,Yes
72.0,359.0,78.0,2025-04-04,POR,Away,CHI,"L, 113-118",*,35:28:00,12.0,25.0,0.48,2.0,7.0,0.286,10.0,18.0,0.556,0.52,11.0,14.0,0.786,6.0,5.0,11.0,5.0,0.0,0.0,1.0,3.0,37.0,30.1,-4.0,0,L, 113-118,113,118,0,1,Yes
72.0,,79.0,2025-04-06,POR,Home,SAS,"W, 120-109",Did Not Dress,,,,,,,,,,,,,,,,,,,,,,,,,,1,W, 120-109,120,109,1,0,No
72.0,,80.0,2025-04-09,POR,Away,UTA,"L, 126-133 (OT)",Did Not Dress,,,,,,,,,,,,,,,,,,,,,,,,,,0,L, 126-133 (OT),126,133 (OT),0,0,No
72.0,,81.0,2025-04-11,POR,Home,GSW,"L, 86-103",Did Not Dress,,,,,,,,,,,,,,,,,,,,,,,,,,1,L, 86-103,86,103,0,0,No
72.0,,82.0,2025-04-13,POR,Home,LAL,"W, 109-81",Did Not Dress,,,,,,,,,,,,,,,,,,,,,,,,,,1,W, 109-81,109,81,1,0,No
1.0,360.0,1.0,2025-10-22,POR,Home,MIN,"L, 114-118",*,32:59:00,6.0,16.0,0.375,0.0,6.0,0.0,6.0,10.0,0.6,0.375,8.0,10.0,0.8,0.0,7.0,7.0,1.0,0.0,1.0,2.0,2.0,20.0,11.1,-2.0,1,L, 114-118,114,118,0,1,Yes
2.0,361.0,2.0,2025-10-24,POR,Home,GSW,"W, 139-119",*,29:29:00,11.0,18.0,0.611,4.0,6.0,0.667,7.0,12.0,0.583,0.722,0.0,0.0,,2.0,3.0,5.0,6.0,0.0,0.0,3.0,4.0,26.0,19.7,16.0,1,W, 139-119,139,119,1,1,Yes
3.0,362.0,3.0,2025-10-26,POR,Away,LAC,"L, 107-114",*,32:50:00,7.0,16.0,0.438,3.0,7.0,0.429,4.0,9.0,0.444,0.531,6.0,7.0,0.857,1.0,6.0,7.0,5.0,1.0,0.0,5.0,2.0,23.0,15.4,-6.0,0,L, 107-114,107,114,0,1,Yes
4.0,363.0,4.0,2025-10-27,POR,Away,LAL,"W, 122-108",*,32:24:00,8.0,17.0,0.471,5.0,8.0,0.625,3.0,9.0,0.333,0.618,4.0,4.0,1.0,1.0,3.0,4.0,4.0,1.0,3.0,3.0,2.0,25.0,20.0,-2.0,0,W, 122-108,122,108,1,1,Yes
5.0,364.0,5.0,2025-10-29,POR,Away,UTA,"W, 136-134",*,34:03:00,6.0,12.0,0.5,0.0,5.0,0.0,6.0,7.0,0.857,0.5,7.0,10.0,0.7,2.0,7.0,9.0,5.0,1.0,1.0,6.0,3.0,19.0,13.3,6.0,0,W, 136-134,136,134,1,1,Yes
6.0,365.0,6.0,2025-10-31,POR,Home,DEN,"W, 109-107",*,32:33:00,7.0,13.0,0.538,2.0,4.0,0.5,5.0,9.0,0.556,0.615,7.0,9.0,0.778,1.0,3.0,4.0,4.0,0.0,0.0,4.0,5.0,23.0,14.3,17.0,1,W, 109-107,109,107,1,1,Yes
7.0,366.0,7.0,2025-11-03,POR,Home,LAL,"L, 115-123",*,36:12:00,10.0,20.0,0.5,3.0,9.0,0.333,7.0,11.0,0.636,0.575,10.0,11.0,0.909,1.0,5.0,6.0,2.0,1.0,1.0,5.0,2.0,33.0,22.1,-2.0,1,L, 115-123,115,123,0,1,Yes
8.0,367.0,8.0,2025-11-05,POR,Home,OKC,"W, 121-119",*,36:52:00,5.0,17.0,0.294,1.0,5.0,0.2,4.0,12.0,0.333,0.324,15.0,16.0,0.938,3.0,7.0,10.0,9.0,2.0,1.0,3.0,3.0,26.0,24.7,6.0,1,W, 121-119,121,119,1,1,Yes
9.0,368.0,9.0,2025-11-08,POR,Away,MIA,"L, 131-136",*,36:33:00,12.0,21.0,0.571,3.0,9.0,0.333,9.0,12.0,0.75,0.643,6.0,7.0,0.857,1.0,10.0,11.0,8.0,0.0,1.0,3.0,5.0,33.0,27.7,24.0,0,L, 131-136,131,136,0,1,Yes
10.0,369.0,10.0,2025-11-10,POR,Away,ORL,"L, 112-115",*,35:07:00,7.0,18.0,0.389,4.0,9.0,0.444,3.0,9.0,0.333,0.5,9.0,10.0,0.9,1.0,4.0,5.0,5.0,0.0,1.0,2.0,5.0,27.0,18.9,-11.0,0,L, 112-115,112,115,0,1,Yes
11.0,370.0,11.0,2025-11-12,POR,Away,NOP,"W, 125-117",*,34:56:00,12.0,18.0,0.667,4.0,8.0,0.5,8.0,10.0,0.8,0.778,4.0,5.0,0.8,0.0,1.0,1.0,2.0,1.0,0.0,0.0,5.0,32.0,24.5,16.0,0,W, 125-117,125,117,1,1,Yes
12.0,371.0,12.0,2025-11-14,POR,Away,HOU,"L, 116-140",*,30:18:00,7.0,15.0,0.467,2.0,5.0,0.4,5.0,10.0,0.5,0.533,6.0,7.0,0.857,2.0,8.0,10.0,4.0,0.0,0.0,7.0,4.0,22.0,11.9,-14.0,0,L, 116-140,116,140,0,1,Yes
13.0,372.0,13.0,2025-11-16,POR,Away,DAL,"L, 133-138 (OT)",*,39:07:00,10.0,20.0,0.5,2.0,7.0,0.286,8.0,13.0,0.615,0.55,7.0,7.0,1.0,2.0,4.0,6.0,7.0,0.0,2.0,4.0,6.0,29.0,21.5,-11.0,0,L, 133-138 (OT),133,138 (OT),0,1,Yes
14.0,373.0,14.0,2025-11-18,POR,Home,PHO,"L, 110-127",*,29:11:00,7.0,17.0,0.412,2.0,6.0,0.333,5.0,11.0,0.455,0.471,3.0,4.0,0.75,1.0,4.0,5.0,5.0,0.0,0.0,1.0,2.0,19.0,13.1,-23.0,1,L, 110-127,110,127,0,1,Yes
15.0,374.0,15.0,2025-11-19,POR,Home,CHI,"L, 121-122",*,37:30:00,11.0,22.0,0.5,3.0,7.0,0.429,8.0,15.0,0.533,0.568,7.0,12.0,0.583,1.0,10.0,11.0,11.0,2.0,1.0,3.0,2.0,32.0,29.3,6.0,1,L, 121-122,121,122,0,1,Yes
16.0,375.0,16.0,2025-11-21,POR,Away,GSW,"W, 127-123",*,39:31:00,6.0,14.0,0.429,2.0,7.0,0.286,4.0,7.0,0.571,0.5,12.0,13.0,0.923,2.0,4.0,6.0,13.0,0.0,0.0,6.0,1.0,26.0,23.5,2.0,0,W, 127-123,127,123,1,1,Yes
17.0,376.0,17.0,2025-11-23,POR,Away,OKC,"L, 95-122",*,23:46,4.0,16.0,0.25,1.0,8.0,0.125,3.0,8.0,0.375,0.281,2.0,3.0,0.667,1.0,4.0,5.0,1.0,1.0,0.0,2.0,2.0,11.0,1.8,-4.0,0,L, 95-122,95,122,0,1,Yes
18.0,377.0,18.0,2025-11-24,POR,Away,MIL,"W, 115-103",*,31:23:00,6.0,13.0,0.462,5.0,7.0,0.714,1.0,6.0,0.167,0.654,5.0,8.0,0.625,0.0,4.0,4.0,5.0,0.0,1.0,4.0,3.0,22.0,14.3,-1.0,0,W, 115-103,115,103,1,1,Yes
19.0,378.0,19.0,2025-11-26,POR,Home,SAS,"L, 102-115",*,39:42:00,12.0,19.0,0.632,5.0,8.0,0.625,7.0,11.0,0.636,0.763,8.0,14.0,0.571,2.0,4.0,6.0,8.0,0.0,1.0,6.0,4.0,37.0,27.4,-7.0,1,L, 102-115,102,115,0,1,Yes
20.0,379.0,20.0,2025-11-30,POR,Home,OKC,"L, 115-123",*,37:11:00,6.0,14.0,0.429,0.0,4.0,0.0,6.0,10.0,0.6,0.429,19.0,23.0,0.826,3.0,16.0,19.0,10.0,1.0,0.0,1.0,1.0,31.0,35.5,4.0,1,L, 115-123,115,123,0,1,Yes
21.0,380.0,21.0,2025-12-02,POR,Away,TOR,"L, 118-121",*,37:21:00,6.0,15.0,0.4,3.0,7.0,0.429,3.0,8.0,0.375,0.5,10.0,15.0,0.667,0.0,8.0,8.0,14.0,0.0,0.0,4.0,2.0,25.0,22.3,11.0,0,L, 118-121,118,121,0,1,Yes
22.0,381.0,22.0,2025-12-03,POR,Away,CLE,"W, 122-110",*,35:55:00,5.0,10.0,0.5,1.0,5.0,0.2,4.0,5.0,0.8,0.55,16.0,17.0,0.941,0.0,8.0,8.0,7.0,1.0,0.0,4.0,4.0,27.0,24.3,12.0,0,W, 122-110,122,110,1,1,Yes
23.0,382.0,23.0,2025-12-05,POR,Away,DET,"L, 116-122",*,38:21:00,9.0,16.0,0.563,3.0,7.0,0.429,6.0,9.0,0.667,0.656,14.0,15.0,0.933,2.0,7.0,9.0,7.0,1.0,0.0,4.0,4.0,35.0,30.8,4.0,0,L, 116-122,116,122,0,1,Yes
24.0,383.0,24.0,2025-12-07,POR,Away,MEM,"L, 96-119",*,30:43:00,7.0,14.0,0.5,2.0,4.0,0.5,5.0,10.0,0.5,0.571,1.0,3.0,0.333,1.0,6.0,7.0,7.0,3.0,1.0,5.0,5.0,17.0,13.3,-17.0,0,L, 96-119,96,119,0,1,Yes
25.0,384.0,25.0,2025-12-11,POR,Away,NOP,"L, 120-143",*,31:57:00,5.0,15.0,0.333,1.0,5.0,0.2,4.0,10.0,0.4,0.367,5.0,7.0,0.714,0.0,6.0,6.0,6.0,1.0,2.0,2.0,1.0,16.0,12.7,-12.0,0,L, 120-143,120,143,0,1,Yes
26.0,385.0,26.0,2025-12-14,POR,Home,GSW,"W, 136-131",*,32:32:00,6.0,16.0,0.375,2.0,4.0,0.5,4.0,12.0,0.333,0.438,12.0,13.0,0.923,0.0,7.0,7.0,8.0,1.0,0.0,4.0,2.0,26.0,20.7,-3.0,1,W, 136-131,136,131,1,1,Yes
27.0,386.0,27.0,2025-12-18,POR,Home,SAC,"W, 134-133 (OT)",*,42:13:00,12.0,19.0,0.632,1.0,5.0,0.2,11.0,14.0,0.786,0.658,10.0,12.0,0.833,1.0,4.0,5.0,5.0,1.0,0.0,5.0,2.0,35.0,26.3,4.0,1,W, 134-133 (OT),134,133 (OT),1,1,Yes
28.0,387.0,28.0,2025-12-20,POR,Away,SAC,"W, 98-93",*,40:10:00,6.0,18.0,0.333,3.0,9.0,0.333,3.0,9.0,0.333,0.417,9.0,10.0,0.9,0.0,7.0,7.0,11.0,1.0,0.0,5.0,5.0,24.0,17.2,16.0,0,W, 98-93,98,93,1,1,Yes
29.0,388.0,29.0,2025-12-22,POR,Home,DET,"L, 102-110",*,38:55:00,4.0,12.0,0.333,1.0,4.0,0.25,3.0,8.0,0.375,0.375,9.0,15.0,0.6,0.0,8.0,8.0,9.0,0.0,1.0,3.0,1.0,18.0,14.8,-7.0,1,L, 102-110,102,110,0,1,Yes
30.0,389.0,30.0,2025-12-23,POR,Home,ORL,"L, 106-110",*,36:32:00,10.0,25.0,0.4,2.0,6.0,0.333,8.0,19.0,0.421,0.44,3.0,4.0,0.75,0.0,6.0,6.0,8.0,2.0,0.0,4.0,3.0,25.0,15.3,-4.0,1,L, 106-110,106,110,0,1,Yes
31.0,390.0,31.0,2025-12-26,POR,Home,LAC,"L, 103-119",*,39:19:00,10.0,18.0,0.556,2.0,7.0,0.286,8.0,11.0,0.727,0.611,7.0,8.0,0.875,1.0,8.0,9.0,9.0,0.0,1.0,7.0,3.0,29.0,21.9,-22.0,1,L, 103-119,103,119,0,1,Yes
32.0,391.0,32.0,2025-12-28,POR,Home,BOS,"W, 114-108",*,38:44:00,8.0,16.0,0.5,3.0,10.0,0.3,5.0,6.0,0.833,0.594,5.0,10.0,0.5,1.0,6.0,7.0,10.0,2.0,1.0,5.0,1.0,24.0,20.8,8.0,1,W, 114-108,114,108,1,1,Yes
33.0,392.0,33.0,2025-12-29,POR,Home,DAL,"W, 125-122",*,39:00:00,9.0,18.0,0.5,1.0,6.0,0.167,8.0,12.0,0.667,0.528,8.0,12.0,0.667,0.0,9.0,9.0,11.0,2.0,0.0,6.0,4.0,27.0,21.2,5.0,1,W, 125-122,125,122,1,1,Yes
34.0,393.0,34.0,2025-12-31,POR,Away,OKC,"L, 95-124",*,31:56:00,5.0,14.0,0.357,1.0,4.0,0.25,4.0,10.0,0.4,0.393,6.0,7.0,0.857,0.0,7.0,7.0,7.0,2.0,1.0,7.0,1.0,17.0,11.1,-22.0,0,L, 95-124,95,124,0,1,Yes
35.0,394.0,35.0,2026-01-02,POR,Away,NOP,"W, 122-109",*,38:24:00,10.0,19.0,0.526,3.0,5.0,0.6,7.0,14.0,0.5,0.605,11.0,14.0,0.786,3.0,4.0,7.0,11.0,1.0,1.0,2.0,4.0,34.0,32.6,14.0,0,W, 122-109,122,109,1,1,Yes
36.0,395.0,36.0,2026-01-03,POR,Away,SAS,"W, 115-110",*,38:50:00,9.0,22.0,0.409,3.0,6.0,0.5,6.0,16.0,0.375,0.477,8.0,11.0,0.727,3.0,7.0,10.0,10.0,0.0,1.0,2.0,2.0,29.0,25.1,10.0,0,W, 115-110,115,110,1,1,Yes
37.0,396.0,37.0,2026-01-05,POR,Home,UTA,"W, 137-117",*,28:46:00,10.0,19.0,0.526,4.0,10.0,0.4,6.0,9.0,0.667,0.632,9.0,10.0,0.9,0.0,8.0,8.0,9.0,0.0,0.0,2.0,0.0,33.0,30.0,23.0,1,W, 137-117,137,117,1,1,Yes
38.0,397.0,38.0,2026-01-07,POR,Home,HOU,"W, 103-102",*,39:08:00,13.0,24.0,0.542,2.0,9.0,0.222,11.0,15.0,0.733,0.583,13.0,15.0,0.867,0.0,6.0,6.0,2.0,1.0,0.0,5.0,1.0,41.0,27.4,0.0,1,W, 103-102,103,102,1,1,Yes
39.0,398.0,39.0,2026-01-09,POR,Home,HOU,"W, 111-105",*,35:49:00,5.0,15.0,0.333,2.0,6.0,0.333,3.0,9.0,0.333,0.4,8.0,8.0,1.0,1.0,2.0,3.0,6.0,2.0,0.0,5.0,1.0,20.0,13.6,3.0,1,W, 111-105,111,105,1,1,Yes
46,,56,2026-02-12,POR,Away,UTA,"W, 135-119",Did Not Dress,Did Not Dress,Did Not Dress,Did Not Dress,Did Not Dress,Did Not Dress,Did Not Dress,Did Not Dress,Did Not Dress,Did Not Dress,Did Not Dress,Did Not Dress,Did Not Dress,Did Not Dress,Did Not Dress,Did Not Dress,Did Not Dress,Did Not Dress,Did Not Dress,Did Not Dress,Did Not Dress,Did Not Dress,Did Not Dress,Did Not Dress,Did Not Dress,Did Not Dress,0,W, 135-119, 135,119,1,0,No
